collection_id,source,preset,catalog_version,catalog_sha256,fetched_utc,tle_file,object_count,snapshot_utc,object_1,object_2,tle_epoch_1_utc,tle_epoch_2_utc,max_tle_age_hours,tca_utc,time_to_tca_min,current_distance_km,min_distance_km,relative_velocity_km_s,altitude_1_km,altitude_2_km,altitude_difference_km,relative_radial_km,relative_intrack_km,relative_crosstrack_km,relative_inclination_deg,radial_velocity_km_s,tangential_velocity_km_s,approach_angle_deg,risk_score,fixed_threshold_alarm,risk_label,tca_boundary_flag,object_1_catalog_id,object_2_catalog_id
20260801_184443,preset:leo_mixed,leo_mixed,iac26-leo-mixed-75-v2,64c3d2329281da0e246226cb552aafe3b961c553c9487d7cfd9c96374aaa1f4c,2026-08-01T18:44:43Z,staging/collection/tle/tles_20260801_184443.txt,75,2026-08-01T18:44:43Z,LANDSAT 8,COSMOS 2251 DEB,2026-08-01T06:40:40Z,2026-08-01T03:31:07Z,15.226,2026-08-01T23:22:02.146707Z,277.319111783,13397.681,13.465,14.942487,695.603,717.112,21.509,5.546,-1.267,12.204,168.888,4.662302,0.075858,0.932,1.7919864621,1,1,0,39084,33912
20260801_184443,preset:leo_mixed,leo_mixed,iac26-leo-mixed-75-v2,64c3d2329281da0e246226cb552aafe3b961c553c9487d7cfd9c96374aaa1f4c,2026-08-01T18:44:43Z,staging/collection/tle/tles_20260801_184443.txt,75,2026-08-01T18:44:43Z,SENTINEL-1A,COSMOS 2251 DEB,2026-08-01T06:45:52Z,2026-08-01T02:15:24Z,16.488,2026-08-02T01:12:05.382311Z,387.373038517,7315.457,19.804,14.369486,687.351,706.686,19.335,19.803,0.156,0.098,146.261,12.059058,0.757857,3.596,1.0608091619,1,1,0,39634,33838
20260801_184443,preset:leo_mixed,leo_mixed,iac26-leo-mixed-75-v2,64c3d2329281da0e246226cb552aafe3b961c553c9487d7cfd9c96374aaa1f4c,2026-08-01T18:44:43Z,staging/collection/tle/tles_20260801_184443.txt,75,2026-08-01T18:44:43Z,SWOT,COSMOS 2251 DEB,2026-08-01T06:57:56Z,2026-08-01T06:46:09Z,11.976,2026-08-01T19:43:46.728550Z,59.062142500,6178.210,26.078,14.287973,899.752,763.162,136.590,-6.895,6.540,24.285,149.943,-12.872347,0.228390,178.984,1.0508406777,0,1,0,54754,33822
20260801_184443,preset:leo_mixed,leo_mixed,iac26-leo-mixed-75-v2,64c3d2329281da0e246226cb552aafe3b961c553c9487d7cfd9c96374aaa1f4c,2026-08-01T18:44:43Z,staging/collection/tle/tles_20260801_184443.txt,75,2026-08-01T18:44:43Z,COSMOS 2251 DEB,COSMOS 2251 DEB,2026-08-01T07:00:16Z,2026-08-01T07:18:58Z,11.741,2026-08-02T06:38:49.283442Z,714.104724033,11912.105,13.656,14.113618,750.172,751.353,1.180,-12.878,-1.385,-4.327,140.904,-6.544969,0.693048,173.955,1.0419423364,1,1,0,33761,33837
20260801_184443,preset:leo_mixed,leo_mixed,iac26-leo-mixed-75-v2,64c3d2329281da0e246226cb552aafe3b961c553c9487d7cfd9c96374aaa1f4c,2026-08-01T18:44:43Z,staging/collection/tle/tles_20260801_184443.txt,75,2026-08-01T18:44:43Z,IRIDIUM 33 DEB,COSMOS 2251 DEB,2026-08-01T07:28:12Z,2026-08-01T03:31:07Z,15.226,2026-08-02T02:20:16.199947Z,455.553332450,6497.373,23.689,14.255829,763.184,717.112,46.072,-23.607,-0.594,-1.880,143.957,-12.472886,0.802714,176.318,0.8228125239,1,1,0,33773,33912
20260801_184443,preset:leo_mixed,leo_mixed,iac26-leo-mixed-75-v2,64c3d2329281da0e246226cb552aafe3b961c553c9487d7cfd9c96374aaa1f4c,2026-08-01T18:44:43Z,staging/collection/tle/tles_20260801_184443.txt,75,2026-08-01T18:44:43Z,TIMED,IRIDIUM 33 DEB,2026-08-01T05:37:55Z,2026-08-01T04:36:25Z,14.138,2026-08-01T18:58:44.497538Z,14.024958967,10213.136,42.534,14.027433,576.754,547.025,29.728,-40.028,-5.299,-13.374,135.402,-8.513702,0.034966,179.765,0.6531583858,0,1,0,26998,34088
20260801_184443,preset:leo_mixed,leo_mixed,iac26-leo-mixed-75-v2,64c3d2329281da0e246226cb552aafe3b961c553c9487d7cfd9c96374aaa1f4c,2026-08-01T18:44:43Z,staging/collection/tle/tles_20260801_184443.txt,75,2026-08-01T18:44:43Z,IRIDIUM 33 DEB,COSMOS 2251 DEB,2026-08-01T06:59:33Z,2026-08-01T06:31:29Z,12.220,2026-08-01T21:32:27.947125Z,167.749118750,13240.144,40.849,14.780423,665.384,726.964,61.580,39.798,1.856,-9.019,158.796,-4.488735,0.188639,177.594,0.6393588483,0,1,0,34077,33758
20260801_184443,preset:leo_mixed,leo_mixed,iac26-leo-mixed-75-v2,64c3d2329281da0e246226cb552aafe3b961c553c9487d7cfd9c96374aaa1f4c,2026-08-01T18:44:43Z,staging/collection/tle/tles_20260801_184443.txt,75,2026-08-01T18:44:43Z,COSMOS 2251 DEB,COSMOS 2251 DEB,2026-08-01T07:02:52Z,2026-08-01T07:01:56Z,11.713,2026-08-01T20:11:43.296085Z,87.004934750,8816.915,44.092,14.468377,711.343,625.935,85.408,-43.976,0.802,-3.093,147.364,10.966858,0.385347,2.012,0.6166277565,0,1,0,33826,33836
20260801_184443,preset:leo_mixed,leo_mixed,iac26-leo-mixed-75-v2,64c3d2329281da0e246226cb552aafe3b961c553c9487d7cfd9c96374aaa1f4c,2026-08-01T18:44:43Z,staging/collection/tle/tles_20260801_184443.txt,75,2026-08-01T18:44:43Z,COSMOS 2251 DEB,COSMOS 2251 DEB,2026-08-01T07:27:24Z,2026-08-01T02:22:20Z,16.373,2026-08-01T22:20:48.638274Z,216.093971233,8308.892,40.128,14.217480,792.574,768.308,24.266,-40.127,-0.157,0.151,141.607,-11.187863,2.305743,168.355,0.6022715714,0,1,0,33757,33917
20260801_184443,preset:leo_mixed,leo_mixed,iac26-leo-mixed-75-v2,64c3d2329281da0e246226cb552aafe3b961c553c9487d7cfd9c96374aaa1f4c,2026-08-01T18:44:43Z,staging/collection/tle/tles_20260801_184443.txt,75,2026-08-01T18:44:43Z,TERRA,COSMOS 2251 DEB,2026-08-01T05:05:59Z,2026-08-01T01:37:24Z,17.122,2026-08-01T22:45:19.552658Z,240.609210967,6859.248,42.512,14.925321,687.795,792.283,104.488,38.186,1.764,-18.602,168.460,13.001682,0.541374,2.384,0.5848393520,0,1,0,25994,33766
20260801_184443,preset:leo_mixed,leo_mixed,iac26-leo-mixed-75-v2,64c3d2329281da0e246226cb552aafe3b961c553c9487d7cfd9c96374aaa1f4c,2026-08-01T18:44:43Z,staging/collection/tle/tles_20260801_184443.txt,75,2026-08-01T18:44:43Z,COSMOS 2251 DEB,COSMOS 2251 DEB,2026-08-01T03:57:16Z,2026-08-01T02:15:24Z,16.488,2026-08-01T21:21:09.517654Z,156.441960900,5402.459,47.729,14.313718,784.434,706.686,77.748,-27.158,-11.288,-37.592,146.821,-13.162995,0.630978,177.256,0.5346267312,0,1,0,33762,33838
20260801_184443,preset:leo_mixed,leo_mixed,iac26-leo-mixed-75-v2,64c3d2329281da0e246226cb552aafe3b961c553c9487d7cfd9c96374aaa1f4c,2026-08-01T18:44:43Z,staging/collection/tle/tles_20260801_184443.txt,75,2026-08-01T18:44:43Z,SENTINEL-3A,SENTINEL-5P,2026-08-01T07:26:28Z,2026-08-01T07:30:26Z,11.304,2026-08-02T00:46:09.781542Z,361.446359033,5383.140,39.004,13.053473,810.788,834.553,23.764,24.141,-14.815,26.816,122.433,-11.761407,0.882664,175.708,0.5013299004,0,1,0,41335,42969
20260801_184443,preset:leo_mixed,leo_mixed,iac26-leo-mixed-75-v2,64c3d2329281da0e246226cb552aafe3b961c553c9487d7cfd9c96374aaa1f4c,2026-08-01T18:44:43Z,staging/collection/tle/tles_20260801_184443.txt,75,2026-08-01T18:44:43Z,NOAA 21 (JPSS-2),IRIDIUM 33,2026-08-01T06:51:06Z,2026-08-01T07:59:50Z,11.893,2026-08-01T22:59:23.470146Z,254.674502433,2062.411,49.043,14.875619,827.295,767.609,59.686,-47.426,-0.553,12.475,174.761,-14.723469,0.790309,176.927,0.4993499090,0,1,0,54234,24946
20260801_184443,preset:leo_mixed,leo_mixed,iac26-leo-mixed-75-v2,64c3d2329281da0e246226cb552aafe3b961c553c9487d7cfd9c96374aaa1f4c,2026-08-01T18:44:43Z,staging/collection/tle/tles_20260801_184443.txt,75,2026-08-01T18:44:43Z,IRIDIUM 33 DEB,COSMOS 2251 DEB,2026-08-01T07:12:51Z,2026-08-01T05:45:29Z,12.987,2026-08-02T03:53:13.069133Z,548.501152217,5385.301,36.997,14.722433,710.512,627.489,83.022,36.974,-0.345,-1.237,159.649,-13.669977,0.524574,177.802,0.4927278041,0,1,0,33777,33839
20260801_184443,preset:leo_mixed,leo_mixed,iac26-leo-mixed-75-v2,64c3d2329281da0e246226cb552aafe3b961c553c9487d7cfd9c96374aaa1f4c,2026-08-01T18:44:43Z,staging/collection/tle/tles_20260801_184443.txt,75,2026-08-01T18:44:43Z,IRIDIUM 33 DEB,COSMOS 2251 DEB,2026-08-01T05:55:21Z,2026-08-01T02:22:20Z,16.373,2026-08-02T00:11:45.172465Z,327.036207750,13540.069,49.000,14.856132,737.600,768.308,30.708,45.518,-2.916,17.905,159.947,-4.235184,1.455365,161.035,0.4686633193,0,1,0,34071,33917
20260801_184443,preset:leo_mixed,leo_mixed,iac26-leo-mixed-75-v2,64c3d2329281da0e246226cb552aafe3b961c553c9487d7cfd9c96374aaa1f4c,2026-08-01T18:44:43Z,staging/collection/tle/tles_20260801_184443.txt,75,2026-08-01T18:44:43Z,AQUA,COSMOS 2251 DEB,2026-08-01T07:12:56Z,2026-08-01T05:45:29Z,12.987,2026-08-02T03:28:29.545329Z,523.775755483,7055.290,24.026,8.450243,681.680,627.489,54.191,-20.991,9.580,6.695,68.508,3.631739,0.665910,10.390,0.4475677644,1,0,0,27424,33839
20260801_184443,preset:leo_mixed,leo_mixed,iac26-leo-mixed-75-v2,64c3d2329281da0e246226cb552aafe3b961c553c9487d7cfd9c96374aaa1f4c,2026-08-01T18:44:43Z,staging/collection/tle/tles_20260801_184443.txt,75,2026-08-01T18:44:43Z,SENTINEL-1A,COSMOS 2251 DEB,2026-08-01T06:45:52Z,2026-08-01T03:52:36Z,14.869,2026-08-01T19:27:17.550096Z,42.575834933,4970.500,56.242,12.502753,687.351,696.691,9.340,43.631,-19.191,-29.855,113.443,11.387398,0.061618,0.310,0.4314570327,0,0,0,39634,33913
20260801_184443,preset:leo_mixed,leo_mixed,iac26-leo-mixed-75-v2,64c3d2329281da0e246226cb552aafe3b961c553c9487d7cfd9c96374aaa1f4c,2026-08-01T18:44:43Z,staging/collection/tle/tles_20260801_184443.txt,75,2026-08-01T18:44:43Z,NOAA 21 (JPSS-2),IRIDIUM 33 DEB,2026-08-01T06:51:06Z,2026-08-01T07:23:13Z,11.893,2026-08-01T20:55:09.664921Z,130.444415350,13741.814,63.685,14.828490,827.295,780.783,46.511,-63.275,-0.688,7.176,167.604,4.012603,0.104081,1.486,0.4234997109,0,0,0,54234,33776
20260801_184443,preset:leo_mixed,leo_mixed,iac26-leo-mixed-75-v2,64c3d2329281da0e246226cb552aafe3b961c553c9487d7cfd9c96374aaa1f4c,2026-08-01T18:44:43Z,staging/collection/tle/tles_20260801_184443.txt,75,2026-08-01T18:44:43Z,IRIDIUM 33 DEB,COSMOS 2251 DEB,2026-08-01T03:44:47Z,2026-08-01T03:25:57Z,15.313,2026-08-02T02:23:20.476599Z,458.624609983,2161.957,38.768,11.774821,735.619,896.984,161.365,-24.108,18.445,-24.116,105.483,-2.754861,11.785514,103.157,0.4139855514,0,1,0,33866,33823
20260801_184443,preset:leo_mixed,leo_mixed,iac26-leo-mixed-75-v2,64c3d2329281da0e246226cb552aafe3b961c553c9487d7cfd9c96374aaa1f4c,2026-08-01T18:44:43Z,staging/collection/tle/tles_20260801_184443.txt,75,2026-08-01T18:44:43Z,IRIDIUM 33 DEB,COSMOS 2251 DEB,2026-08-01T06:19:02Z,2026-08-01T03:25:57Z,15.313,2026-08-01T19:15:29.072161Z,30.767869350,13258.228,69.891,14.755595,759.186,896.984,137.798,-7.763,13.139,-68.205,158.670,5.007392,0.115569,1.322,0.4132222229,0,0,0,33850,33823
20260801_184443,preset:leo_mixed,leo_mixed,iac26-leo-mixed-75-v2,64c3d2329281da0e246226cb552aafe3b961c553c9487d7cfd9c96374aaa1f4c,2026-08-01T18:44:43Z,staging/collection/tle/tles_20260801_184443.txt,75,2026-08-01T18:44:43Z,IRIDIUM 33 DEB,COSMOS 2251 DEB,2026-08-01T03:44:47Z,2026-08-01T06:27:49Z,14.999,2026-08-02T03:49:11.217462Z,544.470291033,6633.340,44.331,14.202536,735.619,743.374,7.756,-44.331,0.137,0.094,145.457,12.436798,1.205274,5.535,0.3984760762,0,1,0,33866,33764
20260801_184443,preset:leo_mixed,leo_mixed,iac26-leo-mixed-75-v2,64c3d2329281da0e246226cb552aafe3b961c553c9487d7cfd9c96374aaa1f4c,2026-08-01T18:44:43Z,staging/collection/tle/tles_20260801_184443.txt,75,2026-08-01T18:44:43Z,SENTINEL-3A,COSMOS 2251 DEB,2026-08-01T07:26:28Z,2026-08-01T02:22:20Z,16.373,2026-08-02T01:59:00.408771Z,434.290146183,14048.686,52.589,14.996827,810.788,768.308,42.480,-25.073,-3.296,46.110,172.720,-2.963234,0.542446,169.626,0.3983309906,0,0,0,41335,33917
20260801_184443,preset:leo_mixed,leo_mixed,iac26-leo-mixed-75-v2,64c3d2329281da0e246226cb552aafe3b961c553c9487d7cfd9c96374aaa1f4c,2026-08-01T18:44:43Z,staging/collection/tle/tles_20260801_184443.txt,75,2026-08-01T18:44:43Z,NOAA 20 (JPSS-1),COSMOS 2251 DEB,2026-08-01T06:04:59Z,2026-08-01T06:59:08Z,12.662,2026-08-02T05:36:24.294562Z,651.688242700,3959.380,45.416,14.779371,828.774,707.334,121.440,8.305,-3.476,44.515,171.038,14.344269,0.707650,2.824,0.3562983021,0,1,0,43013,33915
20260801_184443,preset:leo_mixed,leo_mixed,iac26-leo-mixed-75-v2,64c3d2329281da0e246226cb552aafe3b961c553c9487d7cfd9c96374aaa1f4c,2026-08-01T18:44:43Z,staging/collection/tle/tles_20260801_184443.txt,75,2026-08-01T18:44:43Z,NOAA 20 (JPSS-1),SENTINEL-2A,2026-08-01T06:04:59Z,2026-08-01T05:59:32Z,12.753,2026-08-01T19:05:44.281045Z,21.021350750,12677.038,75.358,13.586845,828.774,795.770,33.004,-38.483,26.349,-59.192,132.070,-3.570661,0.051790,179.169,0.3553302284,0,0,0,43013,40697
20260801_184443,preset:leo_mixed,leo_mixed,iac26-leo-mixed-75-v2,64c3d2329281da0e246226cb552aafe3b961c553c9487d7cfd9c96374aaa1f4c,2026-08-01T18:44:43Z,staging/collection/tle/tles_20260801_184443.txt,75,2026-08-01T18:44:43Z,IRIDIUM 33 DEB,COSMOS 2251 DEB,2026-08-01T07:11:48Z,2026-08-01T06:46:09Z,11.976,2026-08-02T01:24:36.366599Z,399.889443317,3313.807,61.524,14.714153,748.793,763.162,14.369,-11.788,12.261,-59.127,156.746,13.877534,3.560141,14.388,0.3454896123,0,0,0,33775,33822
20260801_184443,preset:leo_mixed,leo_mixed,iac26-leo-mixed-75-v2,64c3d2329281da0e246226cb552aafe3b961c553c9487d7cfd9c96374aaa1f4c,2026-08-01T18:44:43Z,staging/collection/tle/tles_20260801_184443.txt,75,2026-08-01T18:44:43Z,COSMOS 2251 DEB,COSMOS 2251 DEB,2026-08-01T03:25:57Z,2026-08-01T06:44:07Z,15.313,2026-08-01T22:40:40.285393Z,235.954756550,10706.893,71.429,14.363466,896.984,603.125,293.858,-62.395,10.227,33.233,145.500,8.741981,2.066083,13.297,0.3362742946,0,0,0,33823,33825
20260801_184443,preset:leo_mixed,leo_mixed,iac26-leo-mixed-75-v2,64c3d2329281da0e246226cb552aafe3b961c553c9487d7cfd9c96374aaa1f4c,2026-08-01T18:44:43Z,staging/collection/tle/tles_20260801_184443.txt,75,2026-08-01T18:44:43Z,NOAA 20 (JPSS-1),SWOT,2026-08-01T06:04:59Z,2026-08-01T06:57:56Z,12.662,2026-08-01T18:52:07.072834Z,7.401213900,6359.934,88.909,14.827399,828.774,899.752,70.978,65.581,-2.021,-59.999,176.283,-13.315656,0.173039,179.255,0.3318249527,0,0,0,43013,54754
20260801_184443,preset:leo_mixed,leo_mixed,iac26-leo-mixed-75-v2,64c3d2329281da0e246226cb552aafe3b961c553c9487d7cfd9c96374aaa1f4c,2026-08-01T18:44:43Z,staging/collection/tle/tles_20260801_184443.txt,75,2026-08-01T18:44:43Z,COSMOS 2251 DEB,COSMOS 2251 DEB,2026-08-01T03:57:16Z,2026-08-01T03:25:57Z,15.313,2026-08-01T22:20:49.598296Z,216.109971600,9387.901,70.660,13.629646,784.434,896.984,112.550,23.071,-27.604,60.816,131.589,-9.606184,1.241830,172.634,0.3278822615,0,0,0,33762,33823
20260801_184443,preset:leo_mixed,leo_mixed,iac26-leo-mixed-75-v2,64c3d2329281da0e246226cb552aafe3b961c553c9487d7cfd9c96374aaa1f4c,2026-08-01T18:44:43Z,staging/collection/tle/tles_20260801_184443.txt,75,2026-08-01T18:44:43Z,COSMOS 2251 DEB,COSMOS 2251 DEB,2026-08-01T06:27:49Z,2026-08-01T06:46:09Z,12.281,2026-08-01T21:47:35.693156Z,182.878219267,6606.478,39.089,7.267275,743.374,763.162,19.788,8.693,-33.426,18.304,57.906,2.580684,1.559338,31.142,0.3246133667,0,0,0,33764,33822
20260801_184443,preset:leo_mixed,leo_mixed,iac26-leo-mixed-75-v2,64c3d2329281da0e246226cb552aafe3b961c553c9487d7cfd9c96374aaa1f4c,2026-08-01T18:44:43Z,staging/collection/tle/tles_20260801_184443.txt,75,2026-08-01T18:44:43Z,NOAA 21 (JPSS-2),IRIDIUM 33 DEB,2026-08-01T06:51:06Z,2026-08-01T07:11:48Z,11.893,2026-08-01T20:45:04.039038Z,120.350650633,13262.062,84.085,14.659125,827.295,748.793,78.501,-83.928,-1.000,-5.033,158.070,-4.935507,0.181159,177.898,0.3195347964,0,0,0,54234,33775
20260801_184443,preset:leo_mixed,leo_mixed,iac26-leo-mixed-75-v2,64c3d2329281da0e246226cb552aafe3b961c553c9487d7cfd9c96374aaa1f4c,2026-08-01T18:44:43Z,staging/collection/tle/tles_20260801_184443.txt,75,2026-08-01T18:44:43Z,SENTINEL-3A,COSMOS 2251 DEB,2026-08-01T07:26:28Z,2026-08-01T03:25:57Z,15.313,2026-08-02T01:59:00.582897Z,434.293048283,14394.315,66.153,14.973617,810.788,896.984,86.195,-54.651,2.573,-37.186,172.354,0.958992,0.386731,21.963,0.3161688984,0,0,0,41335,33823
20260801_184443,preset:leo_mixed,leo_mixed,iac26-leo-mixed-75-v2,64c3d2329281da0e246226cb552aafe3b961c553c9487d7cfd9c96374aaa1f4c,2026-08-01T18:44:43Z,staging/collection/tle/tles_20260801_184443.txt,75,2026-08-01T18:44:43Z,IRIDIUM 33 DEB,COSMOS 2251 DEB,2026-08-01T04:18:37Z,2026-08-01T05:45:29Z,14.435,2026-08-02T04:29:11.609400Z,584.476823333,1678.334,53.347,14.115411,595.599,627.489,31.891,47.242,-8.916,23.122,138.186,3.652026,13.729559,75.104,0.3143991604,0,0,0,34079,33839
20260801_184443,preset:leo_mixed,leo_mixed,iac26-leo-mixed-75-v2,64c3d2329281da0e246226cb552aafe3b961c553c9487d7cfd9c96374aaa1f4c,2026-08-01T18:44:43Z,staging/collection/tle/tles_20260801_184443.txt,75,2026-08-01T18:44:43Z,IRIDIUM 33 DEB,COSMOS 2251 DEB,2026-08-01T05:13:34Z,2026-08-01T06:29:39Z,13.519,2026-08-02T00:03:25.139763Z,318.702329383,12631.604,68.593,13.687229,658.237,773.909,115.672,64.740,-9.430,-20.613,131.157,-3.235271,1.618055,153.429,0.3107581322,0,0,0,33860,33819
20260801_184443,preset:leo_mixed,leo_mixed,iac26-leo-mixed-75-v2,64c3d2329281da0e246226cb552aafe3b961c553c9487d7cfd9c96374aaa1f4c,2026-08-01T18:44:43Z,staging/collection/tle/tles_20260801_184443.txt,75,2026-08-01T18:44:43Z,NOAA 15,COSMOS 2251 DEB,2026-08-01T06:23:21Z,2026-08-01T03:52:36Z,14.869,2026-08-02T02:05:47.621438Z,441.077023967,7313.274,59.776,13.299742,795.243,696.691,98.553,-54.523,-11.315,-21.734,126.350,10.735617,2.692522,14.080,0.3086870779,0,0,0,25338,33913
20260801_184443,preset:leo_mixed,leo_mixed,iac26-leo-mixed-75-v2,64c3d2329281da0e246226cb552aafe3b961c553c9487d7cfd9c96374aaa1f4c,2026-08-01T18:44:43Z,staging/collection/tle/tles_20260801_184443.txt,75,2026-08-01T18:44:43Z,IRIDIUM 33 DEB,COSMOS 2251 DEB,2026-08-01T07:23:13Z,2026-08-01T07:27:24Z,11.358,2026-08-02T03:38:24.102207Z,533.685036783,8657.236,40.610,9.901258,780.783,792.574,11.791,29.918,20.500,-18.271,83.079,4.019319,0.855461,12.015,0.3069024579,0,0,0,33776,33757
20260801_184443,preset:leo_mixed,leo_mixed,iac26-leo-mixed-75-v2,64c3d2329281da0e246226cb552aafe3b961c553c9487d7cfd9c96374aaa1f4c,2026-08-01T18:44:43Z,staging/collection/tle/tles_20260801_184443.txt,75,2026-08-01T18:44:43Z,IRIDIUM 33 DEB,COSMOS 2251 DEB,2026-08-01T05:55:21Z,2026-08-01T05:21:48Z,13.382,2026-08-02T01:27:06.765427Z,402.396090450,4681.330,53.674,11.277560,737.600,714.714,22.886,-40.059,23.582,-26.835,97.809,-9.970427,2.591458,165.430,0.3027948492,0,0,0,34071,33835
20260801_184443,preset:leo_mixed,leo_mixed,iac26-leo-mixed-75-v2,64c3d2329281da0e246226cb552aafe3b961c553c9487d7cfd9c96374aaa1f4c,2026-08-01T18:44:43Z,staging/collection/tle/tles_20260801_184443.txt,75,2026-08-01T18:44:43Z,LANDSAT 8,COSMOS 2251 DEB,2026-08-01T06:40:40Z,2026-08-01T06:27:49Z,12.281,2026-08-02T02:47:14.071854Z,482.517864233,7785.980,44.903,9.940529,695.603,743.374,47.772,44.480,-4.607,4.078,83.054,5.617305,2.505711,24.040,0.2943951049,0,0,0,39084,33764
20260801_184443,preset:leo_mixed,leo_mixed,iac26-leo-mixed-75-v2,64c3d2329281da0e246226cb552aafe3b961c553c9487d7cfd9c96374aaa1f4c,2026-08-01T18:44:43Z,staging/collection/tle/tles_20260801_184443.txt,75,2026-08-01T18:44:43Z,NOAA 21 (JPSS-2),COSMOS 2251 DEB,2026-08-01T06:51:06Z,2026-08-01T03:57:16Z,14.791,2026-08-01T21:43:33.495105Z,178.841585083,10615.091,67.027,11.047338,827.295,784.434,42.861,-60.702,-19.296,20.869,95.839,1.438993,0.597026,22.533,0.2886989832,0,0,0,54234,33762
20260801_184443,preset:leo_mixed,leo_mixed,iac26-leo-mixed-75-v2,64c3d2329281da0e246226cb552aafe3b961c553c9487d7cfd9c96374aaa1f4c,2026-08-01T18:44:43Z,staging/collection/tle/tles_20260801_184443.txt,75,2026-08-01T18:44:43Z,SENTINEL-3A,COSMOS 2251 DEB,2026-08-01T07:26:28Z,2026-08-01T06:31:29Z,12.220,2026-08-01T22:05:40.725231Z,200.962087183,863.224,85.437,14.170041,810.788,726.964,83.824,-82.052,7.430,22.622,143.672,-11.622502,8.062198,145.252,0.2854139335,0,0,0,41335,33758
20260801_184443,preset:leo_mixed,leo_mixed,iac26-leo-mixed-75-v2,64c3d2329281da0e246226cb552aafe3b961c553c9487d7cfd9c96374aaa1f4c,2026-08-01T18:44:43Z,staging/collection/tle/tles_20260801_184443.txt,75,2026-08-01T18:44:43Z,NOAA 15,COSMOS 2251 DEB,2026-08-01T06:23:21Z,2026-08-01T02:15:24Z,16.488,2026-08-02T02:03:40.443583Z,438.957393050,9488.076,73.201,14.635764,795.243,706.686,88.557,-51.900,-9.658,-50.710,158.218,10.780678,0.949216,5.032,0.2779828383,0,0,0,25338,33838
20260801_184443,preset:leo_mixed,leo_mixed,iac26-leo-mixed-75-v2,64c3d2329281da0e246226cb552aafe3b961c553c9487d7cfd9c96374aaa1f4c,2026-08-01T18:44:43Z,staging/collection/tle/tles_20260801_184443.txt,75,2026-08-01T18:44:43Z,SENTINEL-5P,IRIDIUM 33 DEB,2026-08-01T07:30:26Z,2026-08-01T06:19:02Z,12.428,2026-08-01T23:58:55.590911Z,314.209848517,9134.260,78.212,13.719075,834.553,759.186,75.367,-69.105,14.304,-33.721,134.474,-9.949176,1.226487,172.972,0.2742680417,0,0,0,42969,33850
20260801_184443,preset:leo_mixed,leo_mixed,iac26-leo-mixed-75-v2,64c3d2329281da0e246226cb552aafe3b961c553c9487d7cfd9c96374aaa1f4c,2026-08-01T18:44:43Z,staging/collection/tle/tles_20260801_184443.txt,75,2026-08-01T18:44:43Z,IRIDIUM 33 DEB,COSMOS 2251 DEB,2026-08-01T05:03:17Z,2026-08-01T06:29:39Z,13.690,2026-08-02T05:05:38.779604Z,620.929660067,13293.217,58.554,13.874871,666.154,773.909,107.754,45.405,-14.185,-34.142,134.937,-0.215332,2.493061,94.937,0.2695645137,0,0,0,34521,33819
20260801_184443,preset:leo_mixed,leo_mixed,iac26-leo-mixed-75-v2,64c3d2329281da0e246226cb552aafe3b961c553c9487d7cfd9c96374aaa1f4c,2026-08-01T18:44:43Z,staging/collection/tle/tles_20260801_184443.txt,75,2026-08-01T18:44:43Z,AQUA,IRIDIUM 33,2026-08-01T07:12:56Z,2026-08-01T07:59:50Z,11.530,2026-08-01T19:20:01.457142Z,35.307619033,10761.728,105.759,14.316416,681.680,767.609,85.929,89.816,-15.813,53.554,146.651,8.803315,0.060885,0.396,0.2640975916,0,0,0,27424,24946
20260801_184443,preset:leo_mixed,leo_mixed,iac26-leo-mixed-75-v2,64c3d2329281da0e246226cb552aafe3b961c553c9487d7cfd9c96374aaa1f4c,2026-08-01T18:44:43Z,staging/collection/tle/tles_20260801_184443.txt,75,2026-08-01T18:44:43Z,NOAA 21 (JPSS-2),COSMOS 2251 DEB,2026-08-01T06:51:06Z,2026-08-01T07:27:24Z,11.893,2026-08-02T04:29:09.564995Z,584.442749917,11562.692,54.800,12.088401,827.295,792.574,34.720,-53.220,-7.724,10.536,108.679,2.621561,1.494312,29.684,0.2621233339,0,0,0,54234,33757
20260801_184443,preset:leo_mixed,leo_mixed,iac26-leo-mixed-75-v2,64c3d2329281da0e246226cb552aafe3b961c553c9487d7cfd9c96374aaa1f4c,2026-08-01T18:44:43Z,staging/collection/tle/tles_20260801_184443.txt,75,2026-08-01T18:44:43Z,COSMOS 2251 DEB,COSMOS 2251 DEB,2026-08-01T07:27:24Z,2026-08-01T06:15:15Z,12.491,2026-08-01T21:43:38.359235Z,178.922653917,7720.623,44.969,6.629264,792.574,1006.536,213.962,35.134,-25.618,-11.472,52.420,-0.857857,4.265489,101.371,0.2582001569,0,0,0,33757,33768
20260801_184443,preset:leo_mixed,leo_mixed,iac26-leo-mixed-75-v2,64c3d2329281da0e246226cb552aafe3b961c553c9487d7cfd9c96374aaa1f4c,2026-08-01T18:44:43Z,staging/collection/tle/tles_20260801_184443.txt,75,2026-08-01T18:44:43Z,COSMOS 2251 DEB,COSMOS 2251 DEB,2026-08-01T07:27:24Z,2026-08-01T03:25:57Z,15.313,2026-08-01T18:59:31.242993Z,14.804049883,10842.221,109.058,14.114107,792.574,896.984,104.409,-13.075,36.569,-101.909,140.954,-8.575938,0.188076,178.744,0.2561753026,0,0,0,33757,33823
20260801_184443,preset:leo_mixed,leo_mixed,iac26-leo-mixed-75-v2,64c3d2329281da0e246226cb552aafe3b961c553c9487d7cfd9c96374aaa1f4c,2026-08-01T18:44:43Z,staging/collection/tle/tles_20260801_184443.txt,75,2026-08-01T18:44:43Z,SENTINEL-1A,COSMOS 2251 DEB,2026-08-01T06:45:52Z,2026-08-01T02:34:45Z,16.166,2026-08-02T04:29:40.100204Z,584.951670067,3630.412,69.096,14.284250,687.351,627.867,59.484,-60.169,10.646,-32.259,143.169,13.298606,3.558479,14.980,0.2455046806,0,0,0,39634,33779
20260801_184443,preset:leo_mixed,leo_mixed,iac26-leo-mixed-75-v2,64c3d2329281da0e246226cb552aafe3b961c553c9487d7cfd9c96374aaa1f4c,2026-08-01T18:44:43Z,staging/collection/tle/tles_20260801_184443.txt,75,2026-08-01T18:44:43Z,SENTINEL-5P,IRIDIUM 33 DEB,2026-08-01T07:30:26Z,2026-08-01T07:28:12Z,11.275,2026-08-01T18:48:49.541883Z,4.109031383,3603.469,121.464,14.768192,834.553,763.184,71.369,-72.741,12.102,-96.518,165.751,-14.280292,0.481779,178.068,0.2424763849,0,0,0,42969,33773
20260801_184443,preset:leo_mixed,leo_mixed,iac26-leo-mixed-75-v2,64c3d2329281da0e246226cb552aafe3b961c553c9487d7cfd9c96374aaa1f4c,2026-08-01T18:44:43Z,staging/collection/tle/tles_20260801_184443.txt,75,2026-08-01T18:44:43Z,CYGFM04,SWARM A,2026-08-01T07:30:32Z,2026-08-01T06:06:16Z,12.641,2026-08-02T02:22:49.623573Z,458.110392883,3252.804,68.014,12.031853,372.838,409.418,36.579,40.807,-33.667,-42.746,103.230,10.485596,4.839801,24.776,0.2412475063,0,0,0,41885,39452
20260801_184443,preset:leo_mixed,leo_mixed,iac26-leo-mixed-75-v2,64c3d2329281da0e246226cb552aafe3b961c553c9487d7cfd9c96374aaa1f4c,2026-08-01T18:44:43Z,staging/collection/tle/tles_20260801_184443.txt,75,2026-08-01T18:44:43Z,IRIDIUM 33 DEB,COSMOS 2251 DEB,2026-08-01T04:36:25Z,2026-08-01T05:45:29Z,14.138,2026-08-01T23:40:03.932630Z,295.348877167,3971.015,102.427,14.771073,547.025,627.489,80.464,86.316,-12.435,53.724,153.930,-13.858414,3.014425,167.728,0.2292642674,0,0,0,34088,33839
20260801_184443,preset:leo_mixed,leo_mixed,iac26-leo-mixed-75-v2,64c3d2329281da0e246226cb552aafe3b961c553c9487d7cfd9c96374aaa1f4c,2026-08-01T18:44:43Z,staging/collection/tle/tles_20260801_184443.txt,75,2026-08-01T18:44:43Z,TIMED,IRIDIUM 33 DEB,2026-08-01T05:37:55Z,2026-08-01T07:12:51Z,13.113,2026-08-01T19:49:27.404791Z,64.740079850,11480.743,122.354,14.369106,576.754,710.512,133.758,120.796,-5.686,18.612,145.302,-7.432513,0.208703,178.392,0.2243178457,0,0,0,26998,33777
20260801_184443,preset:leo_mixed,leo_mixed,iac26-leo-mixed-75-v2,64c3d2329281da0e246226cb552aafe3b961c553c9487d7cfd9c96374aaa1f4c,2026-08-01T18:44:43Z,staging/collection/tle/tles_20260801_184443.txt,75,2026-08-01T18:44:43Z,NOAA 21 (JPSS-2),CRYOSAT 2,2026-08-01T06:51:06Z,2026-08-01T07:02:07Z,11.893,2026-08-01T20:44:58.033396Z,120.250556600,12554.996,113.356,13.819623,827.295,717.480,109.814,-107.188,14.141,34.064,135.351,-4.406088,0.447113,174.206,0.2234653236,0,0,0,54234,36508
20260801_184443,preset:leo_mixed,leo_mixed,iac26-leo-mixed-75-v2,64c3d2329281da0e246226cb552aafe3b961c553c9487d7cfd9c96374aaa1f4c,2026-08-01T18:44:43Z,staging/collection/tle/tles_20260801_184443.txt,75,2026-08-01T18:44:43Z,COSMOS 2251 DEB,COSMOS 2251 DEB,2026-08-01T07:02:52Z,2026-08-01T05:10:04Z,13.577,2026-08-01T22:28:44.269262Z,224.021154367,13176.956,109.381,14.196442,711.343,635.040,76.303,-108.910,3.361,9.562,143.398,2.665930,0.584390,12.364,0.2191959809,0,0,0,33826,33830
20260801_184443,preset:leo_mixed,leo_mixed,iac26-leo-mixed-75-v2,64c3d2329281da0e246226cb552aafe3b961c553c9487d7cfd9c96374aaa1f4c,2026-08-01T18:44:43Z,staging/collection/tle/tles_20260801_184443.txt,75,2026-08-01T18:44:43Z,SENTINEL-2A,COSMOS 2251 DEB,2026-08-01T05:59:32Z,2026-08-01T03:25:57Z,15.313,2026-08-01T19:17:08.630739Z,32.427178983,12919.614,134.889,14.945020,795.770,896.984,101.214,-35.691,-10.773,129.634,170.640,6.404581,0.143793,1.286,0.2166005704,0,0,0,40697,33823
20260801_184443,preset:leo_mixed,leo_mixed,iac26-leo-mixed-75-v2,64c3d2329281da0e246226cb552aafe3b961c553c9487d7cfd9c96374aaa1f4c,2026-08-01T18:44:43Z,staging/collection/tle/tles_20260801_184443.txt,75,2026-08-01T18:44:43Z,CSS (TIANHE),SWARM A,2026-08-01T07:49:45Z,2026-08-01T06:06:16Z,12.641,2026-08-02T06:06:24.811854Z,681.696864233,4708.288,29.097,5.983507,387.893,409.418,21.525,28.653,4.671,-1.957,45.925,3.234220,2.796644,40.850,0.2165784844,0,0,0,48274,39452
20260801_184443,preset:leo_mixed,leo_mixed,iac26-leo-mixed-75-v2,64c3d2329281da0e246226cb552aafe3b961c553c9487d7cfd9c96374aaa1f4c,2026-08-01T18:44:43Z,staging/collection/tle/tles_20260801_184443.txt,75,2026-08-01T18:44:43Z,IRIDIUM 33 DEB,COSMOS 2251 DEB,2026-08-01T05:03:17Z,2026-08-01T01:37:24Z,17.122,2026-08-01T21:09:25.022730Z,144.700378833,3488.997,118.836,14.110033,666.154,792.283,126.129,58.649,34.966,-97.261,140.361,13.425762,2.233165,9.444,0.2136079063,0,0,0,34521,33766
20260801_184443,preset:leo_mixed,leo_mixed,iac26-leo-mixed-75-v2,64c3d2329281da0e246226cb552aafe3b961c553c9487d7cfd9c96374aaa1f4c,2026-08-01T18:44:43Z,staging/collection/tle/tles_20260801_184443.txt,75,2026-08-01T18:44:43Z,COSMOS 2251 DEB,COSMOS 2251 DEB,2026-08-01T06:44:07Z,2026-08-01T02:15:24Z,16.488,2026-08-02T00:59:11.923607Z,374.482060117,12212.651,97.575,13.581846,603.125,706.686,103.561,87.540,-18.165,-39.087,129.169,3.916679,1.285904,18.176,0.2059910102,0,0,0,33825,33838
20260801_184443,preset:leo_mixed,leo_mixed,iac26-leo-mixed-75-v2,64c3d2329281da0e246226cb552aafe3b961c553c9487d7cfd9c96374aaa1f4c,2026-08-01T18:44:43Z,staging/collection/tle/tles_20260801_184443.txt,75,2026-08-01T18:44:43Z,CYGFM02,COSMOS 2251 DEB,2026-08-01T06:49:20Z,2026-08-01T06:49:21Z,11.923,2026-08-01T20:59:50.349154Z,135.122485900,2276.087,84.249,9.544672,364.160,452.875,88.715,64.190,42.442,34.296,76.879,8.402688,3.877570,24.772,0.2053220514,0,0,0,41886,33821
20260801_184443,preset:leo_mixed,leo_mixed,iac26-leo-mixed-75-v2,64c3d2329281da0e246226cb552aafe3b961c553c9487d7cfd9c96374aaa1f4c,2026-08-01T18:44:43Z,staging/collection/tle/tles_20260801_184443.txt,75,2026-08-01T18:44:43Z,COSMOS 2251 DEB,COSMOS 2251 DEB,2026-08-01T05:21:48Z,2026-08-01T03:31:07Z,15.226,2026-08-01T23:55:04.173847Z,310.352897450,7892.246,81.895,10.678289,714.714,717.112,2.398,43.699,-48.158,49.779,90.850,-6.679191,0.863948,172.630,0.2045758857,0,0,0,33835,33912
20260801_184443,preset:leo_mixed,leo_mixed,iac26-leo-mixed-75-v2,64c3d2329281da0e246226cb552aafe3b961c553c9487d7cfd9c96374aaa1f4c,2026-08-01T18:44:43Z,staging/collection/tle/tles_20260801_184443.txt,75,2026-08-01T18:44:43Z,IRIDIUM 33 DEB,COSMOS 2251 DEB,2026-08-01T07:16:47Z,2026-08-01T05:17:00Z,13.462,2026-08-01T19:20:29.985576Z,35.783092933,10491.593,144.655,14.710713,644.402,687.136,42.734,20.650,-27.652,-140.478,157.514,9.639871,0.158597,0.943,0.1983365005,0,0,0,33862,33832
20260801_184443,preset:leo_mixed,leo_mixed,iac26-leo-mixed-75-v2,64c3d2329281da0e246226cb552aafe3b961c553c9487d7cfd9c96374aaa1f4c,2026-08-01T18:44:43Z,staging/collection/tle/tles_20260801_184443.txt,75,2026-08-01T18:44:43Z,IRIDIUM 33 DEB,COSMOS 2251 DEB,2026-08-01T06:59:33Z,2026-08-01T05:10:04Z,13.577,2026-08-01T19:02:22.939753Z,17.665662550,12529.903,148.801,14.796418,665.384,635.040,30.344,-13.415,26.216,145.857,159.722,-6.250715,0.172772,178.417,0.1964360976,0,0,0,34077,33830
20260801_184443,preset:leo_mixed,leo_mixed,iac26-leo-mixed-75-v2,64c3d2329281da0e246226cb552aafe3b961c553c9487d7cfd9c96374aaa1f4c,2026-08-01T18:44:43Z,staging/collection/tle/tles_20260801_184443.txt,75,2026-08-01T18:44:43Z,SENTINEL-5P,COSMOS 2251 DEB,2026-08-01T07:30:26Z,2026-07-31T22:33:03Z,20.194,2026-08-02T02:28:00.841107Z,463.297351783,3427.652,98.265,13.958200,834.553,1248.020,413.467,-0.348,35.616,-91.583,137.635,6.910448,11.823088,59.694,0.1926904911,0,0,0,42969,33916
20260801_184443,preset:leo_mixed,leo_mixed,iac26-leo-mixed-75-v2,64c3d2329281da0e246226cb552aafe3b961c553c9487d7cfd9c96374aaa1f4c,2026-08-01T18:44:43Z,staging/collection/tle/tles_20260801_184443.txt,75,2026-08-01T18:44:43Z,IRIDIUM 33 DEB,IRIDIUM 33 DEB,2026-08-01T06:59:33Z,2026-08-01T05:03:17Z,13.690,2026-08-01T21:50:45.917296Z,186.048621600,1568.646,24.588,2.713331,665.384,666.154,0.770,3.076,-23.985,4.451,20.784,2.134509,0.202203,5.411,0.1921914339,1,0,0,34077,34521
20260801_184443,preset:leo_mixed,leo_mixed,iac26-leo-mixed-75-v2,64c3d2329281da0e246226cb552aafe3b961c553c9487d7cfd9c96374aaa1f4c,2026-08-01T18:44:43Z,staging/collection/tle/tles_20260801_184443.txt,75,2026-08-01T18:44:43Z,TIMED,CRYOSAT 2,2026-08-01T05:37:55Z,2026-08-01T07:02:07Z,13.113,2026-08-01T20:34:05.106579Z,109.368442983,9057.217,137.960,14.293928,576.754,717.480,140.727,135.313,-8.464,-25.526,143.155,-10.491442,0.631495,176.555,0.1914805787,0,0,0,26998,36508
20260801_184443,preset:leo_mixed,leo_mixed,iac26-leo-mixed-75-v2,64c3d2329281da0e246226cb552aafe3b961c553c9487d7cfd9c96374aaa1f4c,2026-08-01T18:44:43Z,staging/collection/tle/tles_20260801_184443.txt,75,2026-08-01T18:44:43Z,IRIDIUM 33 DEB,COSMOS 2251 DEB,2026-08-01T06:19:02Z,2026-08-01T05:10:04Z,13.577,2026-08-01T22:55:13.691125Z,250.511518750,3357.437,126.069,14.506747,759.186,635.040,124.146,-125.503,3.422,-11.430,149.420,-13.710996,3.047112,167.470,0.1901027345,0,0,0,33850,33830
20260801_184443,preset:leo_mixed,leo_mixed,iac26-leo-mixed-75-v2,64c3d2329281da0e246226cb552aafe3b961c553c9487d7cfd9c96374aaa1f4c,2026-08-01T18:44:43Z,staging/collection/tle/tles_20260801_184443.txt,75,2026-08-01T18:44:43Z,IRIDIUM 33 DEB,COSMOS 2251 DEB,2026-08-01T06:59:33Z,2026-08-01T06:29:39Z,12.251,2026-08-01T22:28:31.301399Z,223.805023317,13764.556,131.886,14.580670,665.384,773.909,108.524,51.108,-29.339,-117.988,151.806,0.382153,0.511221,53.221,0.1867454290,0,0,0,34077,33819
20260801_184443,preset:leo_mixed,leo_mixed,iac26-leo-mixed-75-v2,64c3d2329281da0e246226cb552aafe3b961c553c9487d7cfd9c96374aaa1f4c,2026-08-01T18:44:43Z,staging/collection/tle/tles_20260801_184443.txt,75,2026-08-01T18:44:43Z,LANDSAT 9,COSMOS 2251 DEB,2026-08-01T04:12:30Z,2026-07-31T17:54:24Z,24.838,2026-08-02T05:24:55.428845Z,640.207147417,2639.233,85.106,14.270417,710.471,631.099,79.372,-68.529,-15.870,-47.906,143.091,-11.933899,7.672281,147.263,0.1862604269,0,0,0,49260,33911
20260801_184443,preset:leo_mixed,leo_mixed,iac26-leo-mixed-75-v2,64c3d2329281da0e246226cb552aafe3b961c553c9487d7cfd9c96374aaa1f4c,2026-08-01T18:44:43Z,staging/collection/tle/tles_20260801_184443.txt,75,2026-08-01T18:44:43Z,LANDSAT 8,COSMOS 2251 DEB,2026-08-01T06:40:40Z,2026-08-01T01:37:24Z,17.122,2026-08-01T19:32:23.645199Z,47.677419983,1723.054,152.643,14.453152,695.603,792.283,96.681,36.148,-38.447,143.231,149.619,14.261985,1.170439,4.692,0.1831019405,0,0,0,39084,33766
20260801_184443,preset:leo_mixed,leo_mixed,iac26-leo-mixed-75-v2,64c3d2329281da0e246226cb552aafe3b961c553c9487d7cfd9c96374aaa1f4c,2026-08-01T18:44:43Z,staging/collection/tle/tles_20260801_184443.txt,75,2026-08-01T18:44:43Z,SENTINEL-2A,COSMOS 2251 DEB,2026-08-01T05:59:32Z,2026-08-01T02:22:20Z,16.373,2026-08-01T20:55:43.373445Z,131.006224083,14015.713,148.153,14.832598,795.770,768.308,27.461,116.808,-5.802,90.947,170.298,2.732489,0.174488,3.654,0.1820171445,0,0,0,40697,33917
20260801_184443,preset:leo_mixed,leo_mixed,iac26-leo-mixed-75-v2,64c3d2329281da0e246226cb552aafe3b961c553c9487d7cfd9c96374aaa1f4c,2026-08-01T18:44:43Z,staging/collection/tle/tles_20260801_184443.txt,75,2026-08-01T18:44:43Z,IRIDIUM 33 DEB,COSMOS 2251 DEB,2026-08-01T05:55:21Z,2026-08-01T03:25:57Z,15.313,2026-08-02T00:12:52.405071Z,328.156751183,14179.328,125.629,14.804450,737.600,896.984,159.384,37.173,-21.693,118.026,159.485,-0.390237,0.853403,114.573,0.1819761596,0,0,0,34071,33823
20260801_184443,preset:leo_mixed,leo_mixed,iac26-leo-mixed-75-v2,64c3d2329281da0e246226cb552aafe3b961c553c9487d7cfd9c96374aaa1f4c,2026-08-01T18:44:43Z,staging/collection/tle/tles_20260801_184443.txt,75,2026-08-01T18:44:43Z,IRIDIUM 33 DEB,COSMOS 2251 DEB,2026-08-01T06:59:33Z,2026-08-01T03:25:57Z,15.313,2026-08-01T22:50:11.929988Z,245.482166467,4542.401,133.711,14.395638,665.384,896.984,231.599,132.312,6.484,-18.171,146.996,12.869771,4.424079,18.971,0.1786168961,0,0,0,34077,33823
20260801_184443,preset:leo_mixed,leo_mixed,iac26-leo-mixed-75-v2,64c3d2329281da0e246226cb552aafe3b961c553c9487d7cfd9c96374aaa1f4c,2026-08-01T18:44:43Z,staging/collection/tle/tles_20260801_184443.txt,75,2026-08-01T18:44:43Z,LANDSAT 9,COSMOS 2251 DEB,2026-08-01T04:12:30Z,2026-08-01T02:22:20Z,16.373,2026-08-01T19:01:19.590994Z,16.609849900,12366.050,167.478,15.019658,710.471,768.308,57.837,94.860,-8.053,137.789,172.151,-7.476474,0.168348,178.710,0.1772935613,0,0,0,49260,33917
20260801_184443,preset:leo_mixed,leo_mixed,iac26-leo-mixed-75-v2,64c3d2329281da0e246226cb552aafe3b961c553c9487d7cfd9c96374aaa1f4c,2026-08-01T18:44:43Z,staging/collection/tle/tles_20260801_184443.txt,75,2026-08-01T18:44:43Z,CRYOSAT 2,COSMOS 2251 DEB,2026-08-01T07:02:07Z,2026-08-01T05:45:29Z,12.987,2026-08-01T18:46:41.671059Z,1.977850983,1769.703,173.111,14.880597,717.480,627.489,89.991,-93.489,23.456,-143.796,161.755,-14.690313,1.445993,174.378,0.1716832245,0,0,0,36508,33839
20260801_184443,preset:leo_mixed,leo_mixed,iac26-leo-mixed-75-v2,64c3d2329281da0e246226cb552aafe3b961c553c9487d7cfd9c96374aaa1f4c,2026-08-01T18:44:43Z,staging/collection/tle/tles_20260801_184443.txt,75,2026-08-01T18:44:43Z,IRIDIUM 33 DEB,IRIDIUM 33 DEB,2026-08-01T07:12:51Z,2026-08-01T08:07:35Z,11.531,2026-08-01T22:26:02.122789Z,221.318713150,11843.565,127.255,12.691825,710.512,585.630,124.881,-123.064,-17.946,26.964,114.671,1.362545,1.549809,48.679,0.1688129253,0,0,0,33777,33960
20260801_184443,preset:leo_mixed,leo_mixed,iac26-leo-mixed-75-v2,64c3d2329281da0e246226cb552aafe3b961c553c9487d7cfd9c96374aaa1f4c,2026-08-01T18:44:43Z,staging/collection/tle/tles_20260801_184443.txt,75,2026-08-01T18:44:43Z,SENTINEL-5P,COSMOS 2251 DEB,2026-08-01T07:30:26Z,2026-08-01T07:02:52Z,11.697,2026-08-02T05:21:43.126990Z,637.002116500,11502.818,99.321,14.867089,834.553,711.343,123.210,-97.921,-0.973,16.593,171.715,8.859798,0.441936,2.856,0.1669419180,0,0,0,42969,33826
20260801_184443,preset:leo_mixed,leo_mixed,iac26-leo-mixed-75-v2,64c3d2329281da0e246226cb552aafe3b961c553c9487d7cfd9c96374aaa1f4c,2026-08-01T18:44:43Z,staging/collection/tle/tles_20260801_184443.txt,75,2026-08-01T18:44:43Z,SENTINEL-5P,COSMOS 2251 DEB,2026-08-01T07:30:26Z,2026-08-01T05:21:48Z,13.382,2026-08-01T21:23:47.833040Z,159.080550667,7461.052,150.520,14.049295,834.553,714.714,119.839,-149.709,-5.983,14.414,139.791,-11.599403,1.498623,172.638,0.1660543040,0,0,0,42969,33835
20260801_184443,preset:leo_mixed,leo_mixed,iac26-leo-mixed-75-v2,64c3d2329281da0e246226cb552aafe3b961c553c9487d7cfd9c96374aaa1f4c,2026-08-01T18:44:43Z,staging/collection/tle/tles_20260801_184443.txt,75,2026-08-01T18:44:43Z,SENTINEL-5P,COSMOS 2251 DEB,2026-08-01T07:30:26Z,2026-08-01T06:44:07Z,12.010,2026-08-01T21:31:55.608905Z,167.210148417,12017.892,149.602,14.020182,834.553,603.125,231.427,-147.077,-9.103,-25.814,139.532,-6.188510,1.058105,170.297,0.1656685871,0,0,0,42969,33825
20260801_184443,preset:leo_mixed,leo_mixed,iac26-leo-mixed-75-v2,64c3d2329281da0e246226cb552aafe3b961c553c9487d7cfd9c96374aaa1f4c,2026-08-01T18:44:43Z,staging/collection/tle/tles_20260801_184443.txt,75,2026-08-01T18:44:43Z,NOAA 21 (JPSS-2),IRIDIUM 33 DEB,2026-08-01T06:51:06Z,2026-08-01T07:12:51Z,11.893,2026-08-01T23:19:23.089336Z,274.668155600,13553.209,137.880,14.096554,827.295,710.512,116.783,-125.419,-18.970,54.047,141.976,-0.707199,1.140322,121.806,0.1654741870,0,0,0,54234,33777
20260801_184443,preset:leo_mixed,leo_mixed,iac26-leo-mixed-75-v2,64c3d2329281da0e246226cb552aafe3b961c553c9487d7cfd9c96374aaa1f4c,2026-08-01T18:44:43Z,staging/collection/tle/tles_20260801_184443.txt,75,2026-08-01T18:44:43Z,IRIDIUM 33 DEB,COSMOS 2251 DEB,2026-08-01T05:55:21Z,2026-08-01T05:10:04Z,13.577,2026-08-02T03:43:40.304845Z,538.955080750,2440.532,107.446,14.075326,737.600,635.040,102.560,-90.561,-20.545,54.048,138.571,9.954223,9.851278,44.702,0.1639384407,0,0,0,34071,33830
20260801_184443,preset:leo_mixed,leo_mixed,iac26-leo-mixed-75-v2,64c3d2329281da0e246226cb552aafe3b961c553c9487d7cfd9c96374aaa1f4c,2026-08-01T18:44:43Z,staging/collection/tle/tles_20260801_184443.txt,75,2026-08-01T18:44:43Z,SENTINEL-5P,COSMOS 2251 DEB,2026-08-01T07:30:26Z,2026-08-01T07:18:58Z,11.429,2026-08-02T06:24:41.640174Z,699.977336233,2427.347,93.315,14.872557,834.553,751.353,83.200,-83.691,-2.732,-41.182,172.649,14.492702,2.132061,8.369,0.1638131961,0,0,0,42969,33837
20260801_184443,preset:leo_mixed,leo_mixed,iac26-leo-mixed-75-v2,64c3d2329281da0e246226cb552aafe3b961c553c9487d7cfd9c96374aaa1f4c,2026-08-01T18:44:43Z,staging/collection/tle/tles_20260801_184443.txt,75,2026-08-01T18:44:43Z,LANDSAT 9,IRIDIUM 33 DEB,2026-08-01T04:12:30Z,2026-08-01T07:23:13Z,14.537,2026-08-02T01:15:41.883382Z,390.981389700,3671.476,67.818,7.526779,710.471,780.783,70.312,67.615,4.525,-2.645,60.514,5.756462,4.185341,36.020,0.1617013653,0,0,0,49260,33776
20260801_184443,preset:leo_mixed,leo_mixed,iac26-leo-mixed-75-v2,64c3d2329281da0e246226cb552aafe3b961c553c9487d7cfd9c96374aaa1f4c,2026-08-01T18:44:43Z,staging/collection/tle/tles_20260801_184443.txt,75,2026-08-01T18:44:43Z,LEGION 3,IRIDIUM 33 DEB,2026-08-01T06:35:41Z,2026-08-01T05:13:34Z,13.519,2026-08-01T19:49:24.745676Z,64.695761267,10548.981,156.739,13.032394,526.535,658.237,131.702,149.649,-23.655,-40.155,118.859,-6.201017,0.464871,175.713,0.1588234772,0,0,0,60452,33860
20260801_184443,preset:leo_mixed,leo_mixed,iac26-leo-mixed-75-v2,64c3d2329281da0e246226cb552aafe3b961c553c9487d7cfd9c96374aaa1f4c,2026-08-01T18:44:43Z,staging/collection/tle/tles_20260801_184443.txt,75,2026-08-01T18:44:43Z,NOAA 20 (JPSS-1),COSMOS 2251 DEB,2026-08-01T06:04:59Z,2026-08-01T06:46:09Z,12.662,2026-08-01T18:51:59.412265Z,7.273537750,1435.344,43.236,3.401226,828.774,763.162,65.612,-27.372,-32.893,-6.178,26.358,-3.059497,0.095544,178.211,0.1565394035,0,0,0,43013,33822
20260801_184443,preset:leo_mixed,leo_mixed,iac26-leo-mixed-75-v2,64c3d2329281da0e246226cb552aafe3b961c553c9487d7cfd9c96374aaa1f4c,2026-08-01T18:44:43Z,staging/collection/tle/tles_20260801_184443.txt,75,2026-08-01T18:44:43Z,SENTINEL-3A,COSMOS 2251 DEB,2026-08-01T07:26:28Z,2026-07-31T17:54:24Z,24.838,2026-08-01T18:52:26.146069Z,7.719101150,6395.264,186.803,14.363001,810.788,631.099,179.689,-181.902,12.457,-40.642,147.190,-12.682807,0.284988,178.713,0.1529523819,0,0,0,41335,33911
20260801_184443,preset:leo_mixed,leo_mixed,iac26-leo-mixed-75-v2,64c3d2329281da0e246226cb552aafe3b961c553c9487d7cfd9c96374aaa1f4c,2026-08-01T18:44:43Z,staging/collection/tle/tles_20260801_184443.txt,75,2026-08-01T18:44:43Z,IRIDIUM 33 DEB,COSMOS 2251 DEB,2026-08-01T07:12:51Z,2026-08-01T03:31:07Z,15.226,2026-08-02T06:14:27.938011Z,689.748966850,2950.571,102.239,14.774479,710.512,717.112,6.600,1.880,17.490,-100.714,160.235,14.360082,1.594778,6.337,0.1505807654,0,0,0,33777,33912
20260801_184443,preset:leo_mixed,leo_mixed,iac26-leo-mixed-75-v2,64c3d2329281da0e246226cb552aafe3b961c553c9487d7cfd9c96374aaa1f4c,2026-08-01T18:44:43Z,staging/collection/tle/tles_20260801_184443.txt,75,2026-08-01T18:44:43Z,NOAA 20 (JPSS-1),COSMOS 2251 DEB,2026-08-01T06:04:59Z,2026-08-01T06:27:49Z,12.662,2026-08-02T03:46:33.808870Z,541.846814500,5672.125,57.327,6.915582,828.774,743.374,85.400,-55.237,-13.684,6.926,55.423,4.151830,4.225586,45.504,0.1504831292,0,0,0,43013,33764
20260801_184443,preset:leo_mixed,leo_mixed,iac26-leo-mixed-75-v2,64c3d2329281da0e246226cb552aafe3b961c553c9487d7cfd9c96374aaa1f4c,2026-08-01T18:44:43Z,staging/collection/tle/tles_20260801_184443.txt,75,2026-08-01T18:44:43Z,IRIDIUM 33 DEB,COSMOS 2251 DEB,2026-08-01T07:16:47Z,2026-08-01T06:46:09Z,11.976,2026-08-01T21:53:28.900701Z,188.765011683,8693.549,167.393,14.413827,644.402,763.162,118.761,99.160,-39.940,128.813,145.647,11.053787,1.597320,8.223,0.1496398380,0,0,0,33862,33822
20260801_184443,preset:leo_mixed,leo_mixed,iac26-leo-mixed-75-v2,64c3d2329281da0e246226cb552aafe3b961c553c9487d7cfd9c96374aaa1f4c,2026-08-01T18:44:43Z,staging/collection/tle/tles_20260801_184443.txt,75,2026-08-01T18:44:43Z,COSMOS 2251 DEB,COSMOS 2251 DEB,2026-08-01T08:14:34Z,2026-08-01T00:20:21Z,18.406,2026-08-01T20:37:39.342866Z,112.939047767,8385.287,166.799,13.489291,774.824,685.549,89.275,-101.185,60.305,-118.097,126.456,-10.143000,1.901291,169.383,0.1490573877,0,0,0,33914,33920
20260801_184443,preset:leo_mixed,leo_mixed,iac26-leo-mixed-75-v2,64c3d2329281da0e246226cb552aafe3b961c553c9487d7cfd9c96374aaa1f4c,2026-08-01T18:44:43Z,staging/collection/tle/tles_20260801_184443.txt,75,2026-08-01T18:44:43Z,IRIDIUM 33 DEB,COSMOS 2251 DEB,2026-08-01T04:18:37Z,2026-08-01T07:02:52Z,14.435,2026-08-01T23:02:40.274485Z,257.954574750,6535.597,95.552,8.612126,595.599,711.343,115.744,74.681,48.350,-34.860,69.674,-5.318315,3.376416,147.590,0.1479693797,0,0,0,34079,33826
20260801_184443,preset:leo_mixed,leo_mixed,iac26-leo-mixed-75-v2,64c3d2329281da0e246226cb552aafe3b961c553c9487d7cfd9c96374aaa1f4c,2026-08-01T18:44:43Z,staging/collection/tle/tles_20260801_184443.txt,75,2026-08-01T18:44:43Z,IRIDIUM 33 DEB,IRIDIUM 33 DEB,2026-08-01T07:23:13Z,2026-08-01T08:07:35Z,11.358,2026-08-01T20:55:02.172245Z,130.319537417,12371.121,184.841,14.871957,780.783,585.630,195.153,-182.037,4.411,-31.773,162.577,6.875108,0.405348,3.374,0.1463530427,0,0,0,33776,33960
20260801_184443,preset:leo_mixed,leo_mixed,iac26-leo-mixed-75-v2,64c3d2329281da0e246226cb552aafe3b961c553c9487d7cfd9c96374aaa1f4c,2026-08-01T18:44:43Z,staging/collection/tle/tles_20260801_184443.txt,75,2026-08-01T18:44:43Z,IRIDIUM 33,COSMOS 2251 DEB,2026-08-01T07:59:50Z,2026-08-01T02:34:45Z,16.166,2026-08-01T22:43:20.506409Z,238.625106817,6324.068,136.605,11.934992,767.609,627.867,139.742,-125.353,-33.109,43.028,105.849,9.674484,3.617265,20.501,0.1457808324,0,0,0,24946,33779
20260801_184443,preset:leo_mixed,leo_mixed,iac26-leo-mixed-75-v2,64c3d2329281da0e246226cb552aafe3b961c553c9487d7cfd9c96374aaa1f4c,2026-08-01T18:44:43Z,staging/collection/tle/tles_20260801_184443.txt,75,2026-08-01T18:44:43Z,IRIDIUM 33 DEB,COSMOS 2251 DEB,2026-08-01T04:18:37Z,2026-08-01T03:52:36Z,14.869,2026-08-01T18:47:24.879448Z,2.697990800,2341.008,198.413,14.481577,595.599,696.691,101.092,98.080,-47.586,165.782,147.559,-14.212570,1.212410,175.124,0.1457007788,0,0,0,34079,33913
20260801_184443,preset:leo_mixed,leo_mixed,iac26-leo-mixed-75-v2,64c3d2329281da0e246226cb552aafe3b961c553c9487d7cfd9c96374aaa1f4c,2026-08-01T18:44:43Z,staging/collection/tle/tles_20260801_184443.txt,75,2026-08-01T18:44:43Z,SWARM B,COSMOS 2251 DEB,2026-08-01T07:15:04Z,2026-08-01T02:34:45Z,16.166,2026-08-01T20:17:11.752577Z,92.479209617,2684.857,159.239,12.326141,471.532,627.867,156.335,155.102,20.653,29.562,108.639,11.253564,4.340760,21.093,0.1448710766,0,0,0,39451,33779
20260801_184443,preset:leo_mixed,leo_mixed,iac26-leo-mixed-75-v2,64c3d2329281da0e246226cb552aafe3b961c553c9487d7cfd9c96374aaa1f4c,2026-08-01T18:44:43Z,staging/collection/tle/tles_20260801_184443.txt,75,2026-08-01T18:44:43Z,TIMED,IRIDIUM 33 DEB,2026-08-01T05:37:55Z,2026-08-01T07:28:12Z,13.113,2026-08-01T23:16:55.458931Z,272.207648850,13714.190,166.126,14.832179,576.754,763.184,186.430,163.911,4.738,-26.617,160.474,2.465563,0.781904,17.595,0.1448105693,0,0,0,26998,33773
20260801_184443,preset:leo_mixed,leo_mixed,iac26-leo-mixed-75-v2,64c3d2329281da0e246226cb552aafe3b961c553c9487d7cfd9c96374aaa1f4c,2026-08-01T18:44:43Z,staging/collection/tle/tles_20260801_184443.txt,75,2026-08-01T18:44:43Z,CSS (TIANHE),SWARM B,2026-08-01T07:49:45Z,2026-08-01T07:15:04Z,11.494,2026-08-02T02:42:32.581443Z,477.826357383,6944.264,89.792,9.664201,387.893,471.532,83.640,89.696,3.241,-2.580,78.300,-6.192085,5.119250,140.418,0.1438304167,0,0,0,48274,39451
20260801_184443,preset:leo_mixed,leo_mixed,iac26-leo-mixed-75-v2,64c3d2329281da0e246226cb552aafe3b961c553c9487d7cfd9c96374aaa1f4c,2026-08-01T18:44:43Z,staging/collection/tle/tles_20260801_184443.txt,75,2026-08-01T18:44:43Z,COSMOS 2251 DEB,COSMOS 2251 DEB,2026-08-01T03:57:16Z,2026-08-01T02:34:45Z,16.166,2026-08-01T23:53:06.345978Z,308.389099633,8966.186,156.687,14.325911,784.434,627.867,156.567,-142.125,19.409,-63.042,145.662,-10.721649,1.714200,170.916,0.1436994536,0,0,0,33762,33779
20260801_184443,preset:leo_mixed,leo_mixed,iac26-leo-mixed-75-v2,64c3d2329281da0e246226cb552aafe3b961c553c9487d7cfd9c96374aaa1f4c,2026-08-01T18:44:43Z,staging/collection/tle/tles_20260801_184443.txt,75,2026-08-01T18:44:43Z,IRIDIUM 33 DEB,COSMOS 2251 DEB,2026-08-01T07:28:12Z,2026-07-31T17:54:24Z,24.838,2026-08-01T22:55:57.979376Z,251.249656267,3813.437,137.818,11.810484,763.184,631.099,132.085,-103.919,56.450,70.769,103.583,-10.157297,5.102950,153.325,0.1414876206,0,0,0,33773,33911
20260801_184443,preset:leo_mixed,leo_mixed,iac26-leo-mixed-75-v2,64c3d2329281da0e246226cb552aafe3b961c553c9487d7cfd9c96374aaa1f4c,2026-08-01T18:44:43Z,staging/collection/tle/tles_20260801_184443.txt,75,2026-08-01T18:44:43Z,IRIDIUM 33 DEB,COSMOS 2251 DEB,2026-08-01T07:16:47Z,2026-08-01T01:37:24Z,17.122,2026-08-02T03:51:59.103582Z,547.268393033,3190.470,122.690,13.847643,644.402,792.283,147.882,109.957,21.276,-50.097,134.183,-9.134987,10.429476,131.215,0.1399438351,0,0,0,33862,33766
20260801_184443,preset:leo_mixed,leo_mixed,iac26-leo-mixed-75-v2,64c3d2329281da0e246226cb552aafe3b961c553c9487d7cfd9c96374aaa1f4c,2026-08-01T18:44:43Z,staging/collection/tle/tles_20260801_184443.txt,75,2026-08-01T18:44:43Z,COSMOS 2251 DEB,COSMOS 2251 DEB,2026-08-01T07:00:16Z,2026-07-31T22:33:03Z,20.194,2026-08-02T04:27:49.664563Z,583.111076050,13587.569,122.727,14.298044,750.172,1248.020,497.848,1.570,-38.598,116.489,143.516,-4.812232,3.793887,141.748,0.1386527147,0,0,0,33761,33916
20260801_184443,preset:leo_mixed,leo_mixed,iac26-leo-mixed-75-v2,64c3d2329281da0e246226cb552aafe3b961c553c9487d7cfd9c96374aaa1f4c,2026-08-01T18:44:43Z,staging/collection/tle/tles_20260801_184443.txt,75,2026-08-01T18:44:43Z,TERRA,IRIDIUM 33 DEB,2026-08-01T05:05:59Z,2026-08-01T05:13:34Z,13.645,2026-08-01T19:23:31.892053Z,38.814867550,1919.269,46.657,3.299657,687.795,658.237,29.558,-35.516,-29.638,6.090,25.393,2.595607,0.312238,6.859,0.1376309842,0,0,0,25994,33860
20260801_184443,preset:leo_mixed,leo_mixed,iac26-leo-mixed-75-v2,64c3d2329281da0e246226cb552aafe3b961c553c9487d7cfd9c96374aaa1f4c,2026-08-01T18:44:43Z,staging/collection/tle/tles_20260801_184443.txt,75,2026-08-01T18:44:43Z,LEGION 3,IRIDIUM 33 DEB,2026-08-01T06:35:41Z,2026-08-01T06:59:33Z,12.150,2026-08-01T22:19:18.345037Z,214.589083950,12473.512,173.720,13.661532,526.535,665.384,138.850,150.944,-36.166,78.015,129.244,-2.259461,1.314854,149.803,0.1338442475,0,0,0,60452,34077
20260801_184443,preset:leo_mixed,leo_mixed,iac26-leo-mixed-75-v2,64c3d2329281da0e246226cb552aafe3b961c553c9487d7cfd9c96374aaa1f4c,2026-08-01T18:44:43Z,staging/collection/tle/tles_20260801_184443.txt,75,2026-08-01T18:44:43Z,TIMED,RESURS-DK 1,2026-08-01T05:37:55Z,2026-08-01T07:31:37Z,13.113,2026-08-01T21:21:32.223931Z,156.820398850,6374.069,122.572,9.101002,576.754,528.264,48.489,-59.937,86.074,-63.425,73.845,-5.892438,0.800797,172.261,0.1323281646,0,0,0,26998,29228
20260801_184443,preset:leo_mixed,leo_mixed,iac26-leo-mixed-75-v2,64c3d2329281da0e246226cb552aafe3b961c553c9487d7cfd9c96374aaa1f4c,2026-08-01T18:44:43Z,staging/collection/tle/tles_20260801_184443.txt,75,2026-08-01T18:44:43Z,COSMOS 2251 DEB,COSMOS 2251 DEB,2026-08-01T03:57:16Z,2026-08-01T02:22:20Z,16.373,2026-08-02T00:01:29.074663Z,316.767911050,6904.455,163.232,13.761187,784.434,768.308,16.125,-25.870,-65.733,147.155,132.322,-11.281822,4.710697,157.337,0.1315184702,0,0,0,33762,33917
20260801_184443,preset:leo_mixed,leo_mixed,iac26-leo-mixed-75-v2,64c3d2329281da0e246226cb552aafe3b961c553c9487d7cfd9c96374aaa1f4c,2026-08-01T18:44:43Z,staging/collection/tle/tles_20260801_184443.txt,75,2026-08-01T18:44:43Z,LANDSAT 9,COSMOS 2251 DEB,2026-08-01T04:12:30Z,2026-08-01T04:12:23Z,14.539,2026-08-02T02:46:47.583367Z,482.076389450,7467.136,89.334,8.819792,710.471,771.347,60.876,53.018,-57.787,-42.781,72.253,4.354160,3.073219,35.215,0.1313534723,0,0,0,49260,33760
20260801_184443,preset:leo_mixed,leo_mixed,iac26-leo-mixed-75-v2,64c3d2329281da0e246226cb552aafe3b961c553c9487d7cfd9c96374aaa1f4c,2026-08-01T18:44:43Z,staging/collection/tle/tles_20260801_184443.txt,75,2026-08-01T18:44:43Z,IRIDIUM 33 DEB,COSMOS 2251 DEB,2026-08-01T05:03:17Z,2026-08-01T03:25:57Z,15.313,2026-08-02T05:32:08.343315Z,647.422388583,5422.946,126.591,14.817494,666.154,896.984,230.830,71.042,19.043,-103.032,159.256,12.547448,5.880938,25.112,0.1288493583,0,0,0,34521,33823
20260801_184443,preset:leo_mixed,leo_mixed,iac26-leo-mixed-75-v2,64c3d2329281da0e246226cb552aafe3b961c553c9487d7cfd9c96374aaa1f4c,2026-08-01T18:44:43Z,staging/collection/tle/tles_20260801_184443.txt,75,2026-08-01T18:44:43Z,AURA,COSMOS 2251 DEB,2026-08-01T07:30:58Z,2026-08-01T07:27:24Z,11.288,2026-08-02T06:11:01.650237Z,686.310837283,7603.673,86.615,10.608864,696.746,792.574,95.828,86.463,3.599,-3.639,90.405,6.987428,6.314659,42.105,0.1282146504,0,0,0,28376,33757
20260801_184443,preset:leo_mixed,leo_mixed,iac26-leo-mixed-75-v2,64c3d2329281da0e246226cb552aafe3b961c553c9487d7cfd9c96374aaa1f4c,2026-08-01T18:44:43Z,staging/collection/tle/tles_20260801_184443.txt,75,2026-08-01T18:44:43Z,HST,CYGFM05,2026-08-01T02:54:21Z,2026-08-01T07:11:25Z,15.839,2026-08-02T01:36:49.978094Z,412.116301567,4157.222,91.843,8.024415,467.758,387.448,80.311,-78.045,-41.559,-24.841,63.229,5.239982,5.950358,48.632,0.1247318668,0,0,0,20580,41884
20260801_184443,preset:leo_mixed,leo_mixed,iac26-leo-mixed-75-v2,64c3d2329281da0e246226cb552aafe3b961c553c9487d7cfd9c96374aaa1f4c,2026-08-01T18:44:43Z,staging/collection/tle/tles_20260801_184443.txt,75,2026-08-01T18:44:43Z,SENTINEL-2A,COSMOS 2251 DEB,2026-08-01T05:59:32Z,2026-08-01T06:29:39Z,12.753,2026-08-02T05:50:48.048310Z,666.084138500,9271.451,122.343,13.959748,795.770,773.909,21.861,47.980,-38.211,105.857,139.769,-10.108985,0.477511,177.296,0.1226473635,0,0,0,40697,33819
20260801_184443,preset:leo_mixed,leo_mixed,iac26-leo-mixed-75-v2,64c3d2329281da0e246226cb552aafe3b961c553c9487d7cfd9c96374aaa1f4c,2026-08-01T18:44:43Z,staging/collection/tle/tles_20260801_184443.txt,75,2026-08-01T18:44:43Z,IRIDIUM 33 DEB,COSMOS 2251 DEB,2026-08-01T05:13:34Z,2026-08-01T02:22:20Z,16.373,2026-08-02T03:48:15.817701Z,543.546961683,10785.008,151.260,14.839072,658.237,768.308,110.071,151.249,1.677,0.722,160.277,9.481523,3.138327,18.314,0.1221456932,0,0,0,33860,33917
20260801_184443,preset:leo_mixed,leo_mixed,iac26-leo-mixed-75-v2,64c3d2329281da0e246226cb552aafe3b961c553c9487d7cfd9c96374aaa1f4c,2026-08-01T18:44:43Z,staging/collection/tle/tles_20260801_184443.txt,75,2026-08-01T18:44:43Z,SWOT,COSMOS 2251 DEB,2026-08-01T06:57:56Z,2026-08-01T04:12:23Z,14.539,2026-08-02T00:26:06.824007Z,341.397066783,9503.622,155.326,12.374386,899.752,771.347,128.405,-108.174,-62.266,92.453,112.747,7.656038,2.965409,21.173,0.1215588607,0,0,0,54754,33760
20260801_184443,preset:leo_mixed,leo_mixed,iac26-leo-mixed-75-v2,64c3d2329281da0e246226cb552aafe3b961c553c9487d7cfd9c96374aaa1f4c,2026-08-01T18:44:43Z,staging/collection/tle/tles_20260801_184443.txt,75,2026-08-01T18:44:43Z,IRIDIUM 33 DEB,COSMOS 2251 DEB,2026-08-01T04:36:25Z,2026-08-01T03:31:07Z,15.226,2026-08-02T02:46:30.133334Z,481.785555567,4567.027,163.840,14.832905,547.025,717.112,170.087,163.151,3.005,-14.704,158.509,13.301157,4.837622,19.986,0.1204859356,0,0,0,34088,33912
20260801_184443,preset:leo_mixed,leo_mixed,iac26-leo-mixed-75-v2,64c3d2329281da0e246226cb552aafe3b961c553c9487d7cfd9c96374aaa1f4c,2026-08-01T18:44:43Z,staging/collection/tle/tles_20260801_184443.txt,75,2026-08-01T18:44:43Z,COSMOS 2251 DEB,COSMOS 2251 DEB,2026-08-01T06:27:49Z,2026-08-01T05:45:29Z,12.987,2026-08-02T04:26:21.758801Z,581.645980017,7632.675,95.957,9.639055,743.374,627.489,115.885,-90.886,24.069,-19.187,79.786,5.595145,4.582707,39.319,0.1197549476,0,0,0,33764,33839
20260801_184443,preset:leo_mixed,leo_mixed,iac26-leo-mixed-75-v2,64c3d2329281da0e246226cb552aafe3b961c553c9487d7cfd9c96374aaa1f4c,2026-08-01T18:44:43Z,staging/collection/tle/tles_20260801_184443.txt,75,2026-08-01T18:44:43Z,SWARM A,TIMED,2026-08-01T06:06:16Z,2026-08-01T05:37:55Z,13.113,2026-08-01T22:03:33.995724Z,198.849928733,6698.076,170.881,11.870085,409.418,576.754,167.336,167.598,-20.627,-26.187,102.397,-9.172116,3.452242,159.374,0.1197436186,0,0,0,39452,26998
20260801_184443,preset:leo_mixed,leo_mixed,iac26-leo-mixed-75-v2,64c3d2329281da0e246226cb552aafe3b961c553c9487d7cfd9c96374aaa1f4c,2026-08-01T18:44:43Z,staging/collection/tle/tles_20260801_184443.txt,75,2026-08-01T18:44:43Z,NOAA 15,COSMOS 2251 DEB,2026-08-01T06:23:21Z,2026-08-01T02:34:45Z,16.166,2026-08-02T02:04:30.065679Z,439.784427983,6070.074,169.353,14.597631,795.243,627.867,167.376,-145.814,-18.754,-84.065,154.842,12.814479,3.629940,15.816,0.1197434719,0,0,0,25338,33779
20260801_184443,preset:leo_mixed,leo_mixed,iac26-leo-mixed-75-v2,64c3d2329281da0e246226cb552aafe3b961c553c9487d7cfd9c96374aaa1f4c,2026-08-01T18:44:43Z,staging/collection/tle/tles_20260801_184443.txt,75,2026-08-01T18:44:43Z,COSMOS 2251 DEB,COSMOS 2251 DEB,2026-07-31T21:17:24Z,2026-08-01T07:01:56Z,21.455,2026-08-01T21:21:50.218313Z,157.120305217,8760.286,181.603,12.160782,521.461,625.935,104.474,170.255,37.200,51.079,106.316,-7.514036,1.717805,167.123,0.1193141831,0,0,0,33765,33836
20260801_184443,preset:leo_mixed,leo_mixed,iac26-leo-mixed-75-v2,64c3d2329281da0e246226cb552aafe3b961c553c9487d7cfd9c96374aaa1f4c,2026-08-01T18:44:43Z,staging/collection/tle/tles_20260801_184443.txt,75,2026-08-01T18:44:43Z,SWOT,COSMOS 2251 DEB,2026-08-01T06:57:56Z,2026-08-01T07:31:27Z,11.780,2026-08-02T02:48:19.116520Z,483.601942000,13828.118,161.218,14.324038,899.752,760.015,139.737,-134.234,-24.091,-85.978,149.132,2.284705,1.903126,39.794,0.1180206113,0,0,0,54754,33828
20260801_184443,preset:leo_mixed,leo_mixed,iac26-leo-mixed-75-v2,64c3d2329281da0e246226cb552aafe3b961c553c9487d7cfd9c96374aaa1f4c,2026-08-01T18:44:43Z,staging/collection/tle/tles_20260801_184443.txt,75,2026-08-01T18:44:43Z,COSMOS 2251 DEB,COSMOS 2251 DEB,2026-08-01T07:27:24Z,2026-08-01T02:34:45Z,16.166,2026-08-02T04:52:30.672547Z,607.794542450,10440.881,142.411,14.404078,792.574,627.867,164.707,-142.063,2.657,-9.589,148.070,-9.338112,2.884527,162.834,0.1169070082,0,0,0,33757,33779
20260801_184443,preset:leo_mixed,leo_mixed,iac26-leo-mixed-75-v2,64c3d2329281da0e246226cb552aafe3b961c553c9487d7cfd9c96374aaa1f4c,2026-08-01T18:44:43Z,staging/collection/tle/tles_20260801_184443.txt,75,2026-08-01T18:44:43Z,COSMOS 2251 DEB,COSMOS 2251 DEB,2026-08-01T06:29:39Z,2026-08-01T08:14:34Z,12.251,2026-08-01T23:42:48.004238Z,298.083403967,8255.107,192.955,14.018238,773.909,774.824,0.915,148.269,38.716,117.255,141.139,11.001675,3.502398,17.659,0.1152231883,0,0,0,33819,33914
20260801_184443,preset:leo_mixed,leo_mixed,iac26-leo-mixed-75-v2,64c3d2329281da0e246226cb552aafe3b961c553c9487d7cfd9c96374aaa1f4c,2026-08-01T18:44:43Z,staging/collection/tle/tles_20260801_184443.txt,75,2026-08-01T18:44:43Z,SWOT,COSMOS 2251 DEB,2026-08-01T06:57:56Z,2026-08-01T03:31:07Z,15.226,2026-08-01T23:50:51.020238Z,306.133670633,3359.865,186.580,13.479283,899.752,717.112,182.640,-177.589,-24.630,51.651,129.890,-10.199134,8.716497,139.482,0.1137707228,0,0,0,54754,33912
20260801_184443,preset:leo_mixed,leo_mixed,iac26-leo-mixed-75-v2,64c3d2329281da0e246226cb552aafe3b961c553c9487d7cfd9c96374aaa1f4c,2026-08-01T18:44:43Z,staging/collection/tle/tles_20260801_184443.txt,75,2026-08-01T18:44:43Z,COSMOS 2251 DEB,COSMOS 2251 DEB,2026-08-01T07:00:16Z,2026-08-01T02:34:45Z,16.166,2026-08-01T23:39:31.664347Z,294.811072450,2219.010,158.404,11.276223,750.172,627.867,122.305,-125.892,-64.685,71.126,97.369,4.420250,10.554984,67.277,0.1132248178,0,0,0,33761,33779
20260801_184443,preset:leo_mixed,leo_mixed,iac26-leo-mixed-75-v2,64c3d2329281da0e246226cb552aafe3b961c553c9487d7cfd9c96374aaa1f4c,2026-08-01T18:44:43Z,staging/collection/tle/tles_20260801_184443.txt,75,2026-08-01T18:44:43Z,IRIDIUM 33 DEB,COSMOS 2251 DEB,2026-08-01T08:07:35Z,2026-08-01T07:18:58Z,11.429,2026-08-02T04:13:20.833233Z,568.630553883,12681.505,156.012,14.572989,585.630,751.353,165.722,136.636,18.719,-72.938,151.280,5.696838,2.184958,20.984,0.1130476089,0,0,0,33960,33837
20260801_184443,preset:leo_mixed,leo_mixed,iac26-leo-mixed-75-v2,64c3d2329281da0e246226cb552aafe3b961c553c9487d7cfd9c96374aaa1f4c,2026-08-01T18:44:43Z,staging/collection/tle/tles_20260801_184443.txt,75,2026-08-01T18:44:43Z,TIMED,COSMOS 2251 DEB,2026-08-01T05:37:55Z,2026-08-01T02:34:45Z,16.166,2026-08-02T02:03:37.980744Z,438.916345733,2503.992,96.485,7.732636,576.754,627.867,51.113,71.937,-54.736,-33.740,61.746,-3.567681,7.187516,116.399,0.1114308282,0,0,0,26998,33779
20260801_184443,preset:leo_mixed,leo_mixed,iac26-leo-mixed-75-v2,64c3d2329281da0e246226cb552aafe3b961c553c9487d7cfd9c96374aaa1f4c,2026-08-01T18:44:43Z,staging/collection/tle/tles_20260801_184443.txt,75,2026-08-01T18:44:43Z,NOAA 20 (JPSS-1),IRIDIUM 33 DEB,2026-08-01T06:04:59Z,2026-08-01T06:59:33Z,12.662,2026-08-02T04:26:56.146338Z,582.219105633,12136.404,156.221,14.610227,828.774,665.384,163.390,-155.948,-2.137,-8.979,155.152,7.347246,2.166523,16.429,0.1114194949,0,0,0,43013,34077
20260801_184443,preset:leo_mixed,leo_mixed,iac26-leo-mixed-75-v2,64c3d2329281da0e246226cb552aafe3b961c553c9487d7cfd9c96374aaa1f4c,2026-08-01T18:44:43Z,staging/collection/tle/tles_20260801_184443.txt,75,2026-08-01T18:44:43Z,SENTINEL-1A,COSMOS 2251 DEB,2026-08-01T06:45:52Z,2026-08-01T06:46:09Z,11.981,2026-08-02T04:29:21.510991Z,584.641849850,10112.133,104.344,9.749241,687.351,763.162,75.811,86.043,-45.174,37.992,81.038,3.590265,6.883986,62.456,0.1109994518,0,0,0,39634,33822
20260801_184443,preset:leo_mixed,leo_mixed,iac26-leo-mixed-75-v2,64c3d2329281da0e246226cb552aafe3b961c553c9487d7cfd9c96374aaa1f4c,2026-08-01T18:44:43Z,staging/collection/tle/tles_20260801_184443.txt,75,2026-08-01T18:44:43Z,LANDSAT 9,COSMOS 2251 DEB,2026-08-01T04:12:30Z,2026-08-01T05:10:04Z,14.537,2026-08-02T06:05:29.719872Z,680.778664533,5350.379,138.455,14.513884,710.471,635.040,75.431,-77.489,-29.830,-110.794,150.120,12.963790,3.612213,15.570,0.1105380042,0,0,0,49260,33830
20260801_184443,preset:leo_mixed,leo_mixed,iac26-leo-mixed-75-v2,64c3d2329281da0e246226cb552aafe3b961c553c9487d7cfd9c96374aaa1f4c,2026-08-01T18:44:43Z,staging/collection/tle/tles_20260801_184443.txt,75,2026-08-01T18:44:43Z,IRIDIUM 33 DEB,COSMOS 2251 DEB,2026-08-01T07:16:47Z,2026-08-01T06:27:49Z,12.281,2026-08-02T02:51:22.991734Z,486.666528900,5988.630,131.930,10.643826,644.402,743.374,98.973,95.905,63.072,-65.035,90.211,7.378903,6.882116,43.005,0.1068233789,0,0,0,33862,33764
20260801_184443,preset:leo_mixed,leo_mixed,iac26-leo-mixed-75-v2,64c3d2329281da0e246226cb552aafe3b961c553c9487d7cfd9c96374aaa1f4c,2026-08-01T18:44:43Z,staging/collection/tle/tles_20260801_184443.txt,75,2026-08-01T18:44:43Z,SENTINEL-3A,COSMOS 2251 DEB,2026-08-01T07:26:28Z,2026-08-01T05:21:48Z,13.382,2026-08-01T21:24:02.036086Z,159.317268100,6479.077,188.666,11.280751,810.788,714.714,96.074,-126.377,-93.683,-104.150,97.759,-8.930480,2.441970,164.707,0.1063540711,0,0,0,41335,33835
20260801_184443,preset:leo_mixed,leo_mixed,iac26-leo-mixed-75-v2,64c3d2329281da0e246226cb552aafe3b961c553c9487d7cfd9c96374aaa1f4c,2026-08-01T18:44:43Z,staging/collection/tle/tles_20260801_184443.txt,75,2026-08-01T18:44:43Z,IRIDIUM 33 DEB,COSMOS 2251 DEB,2026-08-01T05:13:34Z,2026-08-01T03:25:57Z,15.313,2026-08-02T05:27:36.745937Z,642.895765617,8059.669,158.355,14.855071,658.237,896.984,238.747,82.321,-23.283,133.257,160.068,11.757674,3.751241,17.695,0.1038546791,0,0,0,33860,33823
20260801_184443,preset:leo_mixed,leo_mixed,iac26-leo-mixed-75-v2,64c3d2329281da0e246226cb552aafe3b961c553c9487d7cfd9c96374aaa1f4c,2026-08-01T18:44:43Z,staging/collection/tle/tles_20260801_184443.txt,75,2026-08-01T18:44:43Z,IRIDIUM 33,COSMOS 2251 DEB,2026-08-01T07:59:50Z,2026-08-01T07:01:56Z,11.713,2026-08-02T05:51:20.004315Z,666.616738583,14004.654,153.726,14.744429,767.609,625.935,141.674,-147.251,-8.249,43.368,158.896,0.181470,1.786700,84.201,0.1030253358,0,0,0,24946,33836
20260801_184443,preset:leo_mixed,leo_mixed,iac26-leo-mixed-75-v2,64c3d2329281da0e246226cb552aafe3b961c553c9487d7cfd9c96374aaa1f4c,2026-08-01T18:44:43Z,staging/collection/tle/tles_20260801_184443.txt,75,2026-08-01T18:44:43Z,NOAA 20 (JPSS-1),IRIDIUM 33 DEB,2026-08-01T06:04:59Z,2026-08-01T05:03:17Z,13.690,2026-08-02T02:47:34.994943Z,482.866582383,11652.224,179.226,13.814383,828.774,666.154,162.620,-154.428,-35.437,-83.775,134.812,6.847383,3.237310,25.304,0.1024638756,0,0,0,43013,34521
20260801_184443,preset:leo_mixed,leo_mixed,iac26-leo-mixed-75-v2,64c3d2329281da0e246226cb552aafe3b961c553c9487d7cfd9c96374aaa1f4c,2026-08-01T18:44:43Z,staging/collection/tle/tles_20260801_184443.txt,75,2026-08-01T18:44:43Z,IRIDIUM 33 DEB,COSMOS 2251 DEB,2026-08-01T07:11:48Z,2026-08-01T05:17:00Z,13.462,2026-08-02T06:12:35.351142Z,687.872519033,5530.960,152.075,14.750509,748.793,687.136,61.657,-77.336,-23.315,128.850,159.801,13.429567,2.242221,9.479,0.1013231397,0,0,0,33775,33832
20260801_184443,preset:leo_mixed,leo_mixed,iac26-leo-mixed-75-v2,64c3d2329281da0e246226cb552aafe3b961c553c9487d7cfd9c96374aaa1f4c,2026-08-01T18:44:43Z,staging/collection/tle/tles_20260801_184443.txt,75,2026-08-01T18:44:43Z,SENTINEL-1A,IRIDIUM 33 DEB,2026-08-01T06:45:52Z,2026-08-01T07:16:47Z,11.981,2026-08-02T05:25:16.135911Z,640.552265183,2443.744,101.198,9.068838,687.351,644.402,42.950,-62.029,-64.060,47.853,74.259,-3.635269,8.667249,112.754,0.0995027718,0,0,0,39634,33862
20260801_184443,preset:leo_mixed,leo_mixed,iac26-leo-mixed-75-v2,64c3d2329281da0e246226cb552aafe3b961c553c9487d7cfd9c96374aaa1f4c,2026-08-01T18:44:43Z,staging/collection/tle/tles_20260801_184443.txt,75,2026-08-01T18:44:43Z,IRIDIUM 33 DEB,COSMOS 2251 DEB,2026-08-01T07:08:12Z,2026-08-01T03:25:57Z,15.313,2026-08-02T05:42:39.707152Z,657.945119200,3929.128,156.806,14.227919,683.802,896.984,213.182,95.040,-37.767,118.867,143.483,-8.748481,11.373945,127.566,0.0985559797,0,0,0,33953,33823
20260801_184443,preset:leo_mixed,leo_mixed,iac26-leo-mixed-75-v2,64c3d2329281da0e246226cb552aafe3b961c553c9487d7cfd9c96374aaa1f4c,2026-08-01T18:44:43Z,staging/collection/tle/tles_20260801_184443.txt,75,2026-08-01T18:44:43Z,COSMOS 2251 DEB,COSMOS 2251 DEB,2026-08-01T06:27:49Z,2026-08-01T07:02:52Z,12.281,2026-08-02T06:18:47.215590Z,694.070259833,2705.240,138.105,12.977111,743.374,711.343,32.032,-24.855,-68.088,-117.555,120.025,9.950954,8.250984,39.664,0.0973497462,0,0,0,33764,33826
20260801_184443,preset:leo_mixed,leo_mixed,iac26-leo-mixed-75-v2,64c3d2329281da0e246226cb552aafe3b961c553c9487d7cfd9c96374aaa1f4c,2026-08-01T18:44:43Z,staging/collection/tle/tles_20260801_184443.txt,75,2026-08-01T18:44:43Z,COSMOS 2251 DEB,COSMOS 2251 DEB,2026-08-01T04:12:23Z,2026-07-31T22:33:03Z,20.194,2026-08-02T06:29:12.031043Z,704.483850717,11362.476,150.776,14.190595,771.347,1248.020,476.673,138.678,-16.010,56.970,144.325,8.460156,4.858890,29.870,0.0961450048,0,0,0,33760,33916
20260801_184443,preset:leo_mixed,leo_mixed,iac26-leo-mixed-75-v2,64c3d2329281da0e246226cb552aafe3b961c553c9487d7cfd9c96374aaa1f4c,2026-08-01T18:44:43Z,staging/collection/tle/tles_20260801_184443.txt,75,2026-08-01T18:44:43Z,SENTINEL-3A,COSMOS 2251 DEB,2026-08-01T07:26:28Z,2026-08-01T07:01:56Z,11.713,2026-08-02T02:18:55.855942Z,454.214265700,7512.357,187.764,13.172432,810.788,625.935,184.853,-170.544,-38.300,68.581,123.005,-9.736190,6.753916,145.251,0.0960511923,0,0,0,41335,33836
20260801_184443,preset:leo_mixed,leo_mixed,iac26-leo-mixed-75-v2,64c3d2329281da0e246226cb552aafe3b961c553c9487d7cfd9c96374aaa1f4c,2026-08-01T18:44:43Z,staging/collection/tle/tles_20260801_184443.txt,75,2026-08-01T18:44:43Z,COSMOS 2251 DEB,COSMOS 2251 DEB,2026-07-31T21:17:24Z,2026-08-01T05:10:04Z,21.455,2026-08-02T05:58:56.471885Z,674.224531417,6949.576,112.029,10.067127,521.461,635.040,113.579,100.010,37.577,-33.711,83.493,-2.851596,11.851306,103.529,0.0955752870,0,0,0,33765,33830
20260801_184443,preset:leo_mixed,leo_mixed,iac26-leo-mixed-75-v2,64c3d2329281da0e246226cb552aafe3b961c553c9487d7cfd9c96374aaa1f4c,2026-08-01T18:44:43Z,staging/collection/tle/tles_20260801_184443.txt,75,2026-08-01T18:44:43Z,SENTINEL-2A,COSMOS 2251 DEB,2026-08-01T05:59:32Z,2026-07-31T22:33:03Z,20.194,2026-08-02T05:59:03.471682Z,674.341194700,8674.462,122.204,10.822503,795.770,1248.020,452.250,31.151,-82.324,-84.772,92.397,-3.996473,12.230716,108.095,0.0941770365,0,0,0,40697,33916
20260801_184443,preset:leo_mixed,leo_mixed,iac26-leo-mixed-75-v2,64c3d2329281da0e246226cb552aafe3b961c553c9487d7cfd9c96374aaa1f4c,2026-08-01T18:44:43Z,staging/collection/tle/tles_20260801_184443.txt,75,2026-08-01T18:44:43Z,IRIDIUM 33 DEB,COSMOS 2251 DEB,2026-08-01T06:19:02Z,2026-08-01T07:01:56Z,12.428,2026-08-02T04:49:33.279089Z,604.837984817,10420.705,167.025,13.506683,759.186,625.935,133.251,-154.757,-27.771,-56.358,128.235,-8.031527,4.287981,151.903,0.0938008173,0,0,0,33850,33836
20260801_184443,preset:leo_mixed,leo_mixed,iac26-leo-mixed-75-v2,64c3d2329281da0e246226cb552aafe3b961c553c9487d7cfd9c96374aaa1f4c,2026-08-01T18:44:43Z,staging/collection/tle/tles_20260801_184443.txt,75,2026-08-01T18:44:43Z,CYGFM02,COSMOS 2251 DEB,2026-08-01T06:49:20Z,2026-07-31T21:17:24Z,21.455,2026-08-02T02:29:28.504873Z,464.758414550,3829.948,167.817,11.542731,364.160,521.461,157.301,145.536,54.162,-63.626,98.070,0.539230,12.225097,87.474,0.0931650466,0,0,0,41886,33765
20260801_184443,preset:leo_mixed,leo_mixed,iac26-leo-mixed-75-v2,64c3d2329281da0e246226cb552aafe3b961c553c9487d7cfd9c96374aaa1f4c,2026-08-01T18:44:43Z,staging/collection/tle/tles_20260801_184443.txt,75,2026-08-01T18:44:43Z,TIMED,IRIDIUM 33 DEB,2026-08-01T05:37:55Z,2026-08-01T07:11:48Z,13.113,2026-08-02T05:34:15.597131Z,649.543285517,9768.315,173.806,14.734410,576.754,748.793,172.040,173.371,2.599,-12.021,157.102,-10.426601,2.864315,164.639,0.0930705795,0,0,0,26998,33775
20260801_184443,preset:leo_mixed,leo_mixed,iac26-leo-mixed-75-v2,64c3d2329281da0e246226cb552aafe3b961c553c9487d7cfd9c96374aaa1f4c,2026-08-01T18:44:43Z,staging/collection/tle/tles_20260801_184443.txt,75,2026-08-01T18:44:43Z,NOAA 20 (JPSS-1),TERRA,2026-08-01T06:04:59Z,2026-08-01T05:05:59Z,13.645,2026-08-02T01:54:11.167251Z,429.469454183,11486.975,185.081,11.990911,828.774,687.795,140.979,-137.248,74.913,-99.025,106.988,3.059474,3.390449,47.938,0.0909300917,0,0,0,43013,25994
20260801_184443,preset:leo_mixed,leo_mixed,iac26-leo-mixed-75-v2,64c3d2329281da0e246226cb552aafe3b961c553c9487d7cfd9c96374aaa1f4c,2026-08-01T18:44:43Z,staging/collection/tle/tles_20260801_184443.txt,75,2026-08-01T18:44:43Z,COSMOS 2251 DEB,COSMOS 2251 DEB,2026-07-31T21:17:24Z,2026-08-01T06:49:21Z,21.455,2026-08-01T22:48:50.856343Z,244.130939050,2896.145,94.846,5.123057,521.461,452.875,68.586,0.726,89.190,-32.254,39.135,-3.891342,1.723704,156.109,0.0897145392,0,0,0,33765,33821
20260801_184443,preset:leo_mixed,leo_mixed,iac26-leo-mixed-75-v2,64c3d2329281da0e246226cb552aafe3b961c553c9487d7cfd9c96374aaa1f4c,2026-08-01T18:44:43Z,staging/collection/tle/tles_20260801_184443.txt,75,2026-08-01T18:44:43Z,IRIDIUM 33 DEB,COSMOS 2251 DEB,2026-08-01T04:36:25Z,2026-08-01T07:00:16Z,14.138,2026-08-02T00:36:11.978210Z,351.482970167,7551.090,199.122,11.533238,547.025,750.172,203.147,191.737,-33.491,-42.013,100.106,-7.899252,6.727106,139.582,0.0875656749,0,0,0,34088,33761
20260801_184443,preset:leo_mixed,leo_mixed,iac26-leo-mixed-75-v2,64c3d2329281da0e246226cb552aafe3b961c553c9487d7cfd9c96374aaa1f4c,2026-08-01T18:44:43Z,staging/collection/tle/tles_20260801_184443.txt,75,2026-08-01T18:44:43Z,LANDSAT 8,COSMOS 2251 DEB,2026-08-01T06:40:40Z,2026-08-01T02:22:20Z,16.373,2026-08-02T05:38:09.241605Z,653.437360083,7121.703,188.520,14.940263,695.603,768.308,72.706,161.715,9.195,-96.455,171.843,12.893214,2.052842,9.047,0.0865766048,0,0,0,39084,33917
20260801_184443,preset:leo_mixed,leo_mixed,iac26-leo-mixed-75-v2,64c3d2329281da0e246226cb552aafe3b961c553c9487d7cfd9c96374aaa1f4c,2026-08-01T18:44:43Z,staging/collection/tle/tles_20260801_184443.txt,75,2026-08-01T18:44:43Z,AURA,COSMOS 2251 DEB,2026-08-01T07:30:58Z,2026-08-01T04:12:23Z,14.539,2026-08-02T02:08:03.108114Z,443.335135233,3605.175,104.657,6.317228,696.746,771.347,74.601,96.986,35.235,17.471,49.922,2.757139,6.451841,66.861,0.0835557003,0,0,0,28376,33760
20260801_184443,preset:leo_mixed,leo_mixed,iac26-leo-mixed-75-v2,64c3d2329281da0e246226cb552aafe3b961c553c9487d7cfd9c96374aaa1f4c,2026-08-01T18:44:43Z,staging/collection/tle/tles_20260801_184443.txt,75,2026-08-01T18:44:43Z,IRIDIUM 33 DEB,COSMOS 2251 DEB,2026-08-01T07:11:48Z,2026-08-01T06:59:08Z,11.760,2026-08-02T04:20:53.517796Z,576.175296600,2992.785,41.261,2.757490,748.793,707.334,41.459,-29.541,28.543,-3.890,21.238,0.042015,1.360653,88.231,0.0801795414,0,0,0,33775,33915
20260801_184443,preset:leo_mixed,leo_mixed,iac26-leo-mixed-75-v2,64c3d2329281da0e246226cb552aafe3b961c553c9487d7cfd9c96374aaa1f4c,2026-08-01T18:44:43Z,staging/collection/tle/tles_20260801_184443.txt,75,2026-08-01T18:44:43Z,IRIDIUM 33 DEB,COSMOS 2251 DEB,2026-08-01T04:36:25Z,2026-08-01T00:20:21Z,18.406,2026-08-02T02:11:59.426112Z,447.273768533,6945.970,144.674,8.294119,547.025,685.549,138.523,141.213,26.049,17.631,66.808,-4.606699,7.005331,123.329,0.0790453622,0,0,0,34088,33920
20260801_184443,preset:leo_mixed,leo_mixed,iac26-leo-mixed-75-v2,64c3d2329281da0e246226cb552aafe3b961c553c9487d7cfd9c96374aaa1f4c,2026-08-01T18:44:43Z,staging/collection/tle/tles_20260801_184443.txt,75,2026-08-01T18:44:43Z,NOAA 20 (JPSS-1),COSMOS 2251 DEB,2026-08-01T06:04:59Z,2026-08-01T02:15:24Z,16.488,2026-08-02T04:25:01.777337Z,580.312955617,10012.768,149.184,9.800166,828.774,706.686,122.088,-106.864,-79.407,67.308,81.970,1.375321,4.312085,72.310,0.0784367621,0,0,0,43013,33838
20260801_184443,preset:leo_mixed,leo_mixed,iac26-leo-mixed-75-v2,64c3d2329281da0e246226cb552aafe3b961c553c9487d7cfd9c96374aaa1f4c,2026-08-01T18:44:43Z,staging/collection/tle/tles_20260801_184443.txt,75,2026-08-01T18:44:43Z,IRIDIUM 33 DEB,COSMOS 2251 DEB,2026-08-01T06:19:02Z,2026-07-31T22:33:03Z,20.194,2026-08-02T04:10:39.935689Z,565.948928150,8561.382,165.535,10.364519,759.186,1248.020,488.834,112.725,-88.480,-82.861,87.485,-1.639862,12.978722,97.201,0.0760089486,0,0,0,33850,33916
20260801_184443,preset:leo_mixed,leo_mixed,iac26-leo-mixed-75-v2,64c3d2329281da0e246226cb552aafe3b961c553c9487d7cfd9c96374aaa1f4c,2026-08-01T18:44:43Z,staging/collection/tle/tles_20260801_184443.txt,75,2026-08-01T18:44:43Z,TIMED,COSMOS 2251 DEB,2026-08-01T05:37:55Z,2026-08-01T00:20:21Z,18.406,2026-08-02T02:09:25.886769Z,444.714779483,4755.109,158.016,8.615972,576.754,685.549,108.795,106.177,-94.681,68.782,69.802,-5.415294,6.924187,128.028,0.0753732422,0,0,0,26998,33920
20260801_184443,preset:leo_mixed,leo_mixed,iac26-leo-mixed-75-v2,64c3d2329281da0e246226cb552aafe3b961c553c9487d7cfd9c96374aaa1f4c,2026-08-01T18:44:43Z,staging/collection/tle/tles_20260801_184443.txt,75,2026-08-01T18:44:43Z,COSMOS 2251 DEB,COSMOS 2251 DEB,2026-08-01T02:34:45Z,2026-08-01T06:44:07Z,16.166,2026-08-02T05:53:44.843290Z,669.030721500,10518.059,197.813,13.790117,627.867,603.125,24.742,-0.181,80.507,-180.689,131.927,7.846438,0.529070,3.858,0.0746479763,0,0,0,33779,33825
20260801_184443,preset:leo_mixed,leo_mixed,iac26-leo-mixed-75-v2,64c3d2329281da0e246226cb552aafe3b961c553c9487d7cfd9c96374aaa1f4c,2026-08-01T18:44:43Z,staging/collection/tle/tles_20260801_184443.txt,75,2026-08-01T18:44:43Z,IRIDIUM 33,IRIDIUM 33 DEB,2026-08-01T07:59:50Z,2026-08-01T05:03:17Z,13.690,2026-08-02T00:18:20.501573Z,333.625026217,4997.678,112.210,5.432231,767.609,666.154,101.455,-101.977,-44.051,-15.850,42.605,2.671064,3.843167,55.200,0.0743903288,0,0,0,24946,34521
20260801_184443,preset:leo_mixed,leo_mixed,iac26-leo-mixed-75-v2,64c3d2329281da0e246226cb552aafe3b961c553c9487d7cfd9c96374aaa1f4c,2026-08-01T18:44:43Z,staging/collection/tle/tles_20260801_184443.txt,75,2026-08-01T18:44:43Z,SENTINEL-1A,TIMED,2026-08-01T06:45:52Z,2026-08-01T05:37:55Z,13.113,2026-08-02T03:39:43.271018Z,535.004516967,4373.743,166.809,9.809328,687.351,576.754,110.598,-118.262,90.389,75.292,81.349,1.720173,10.583818,80.769,0.0739153121,0,0,0,39634,26998
20260801_184443,preset:leo_mixed,leo_mixed,iac26-leo-mixed-75-v2,64c3d2329281da0e246226cb552aafe3b961c553c9487d7cfd9c96374aaa1f4c,2026-08-01T18:44:43Z,staging/collection/tle/tles_20260801_184443.txt,75,2026-08-01T18:44:43Z,TERRA,COSMOS 2251 DEB,2026-08-01T05:05:59Z,2026-08-01T03:31:07Z,15.226,2026-08-02T06:40:37.806860Z,715.913447667,13639.744,199.063,14.476587,687.795,717.112,29.317,26.351,50.219,190.813,150.404,-0.883882,0.748077,139.757,0.0731364222,0,0,0,25994,33912
20260801_184443,preset:leo_mixed,leo_mixed,iac26-leo-mixed-75-v2,64c3d2329281da0e246226cb552aafe3b961c553c9487d7cfd9c96374aaa1f4c,2026-08-01T18:44:43Z,staging/collection/tle/tles_20260801_184443.txt,75,2026-08-01T18:44:43Z,RESURS-DK 1,IRIDIUM 33 DEB,2026-08-01T07:31:37Z,2026-08-01T04:18:37Z,14.435,2026-08-02T02:53:16.568189Z,488.559469817,4161.451,102.018,5.645270,528.264,595.599,67.334,67.842,-70.205,-29.605,43.738,-3.210627,4.755516,124.025,0.0731233781,0,0,0,29228,34079
20260801_184443,preset:leo_mixed,leo_mixed,iac26-leo-mixed-75-v2,64c3d2329281da0e246226cb552aafe3b961c553c9487d7cfd9c96374aaa1f4c,2026-08-01T18:44:43Z,staging/collection/tle/tles_20260801_184443.txt,75,2026-08-01T18:44:43Z,NOAA 15,LANDSAT 8,2026-08-01T06:23:21Z,2026-08-01T06:40:40Z,12.356,2026-08-01T21:56:20.924051Z,191.632067517,3416.772,149.198,6.276506,795.243,695.603,99.641,-103.905,-98.284,-42.474,49.620,4.645398,3.393530,36.149,0.0729400407,0,0,0,25338,39084
20260801_184443,preset:leo_mixed,leo_mixed,iac26-leo-mixed-75-v2,64c3d2329281da0e246226cb552aafe3b961c553c9487d7cfd9c96374aaa1f4c,2026-08-01T18:44:43Z,staging/collection/tle/tles_20260801_184443.txt,75,2026-08-01T18:44:43Z,CRYOSAT 2,IRIDIUM 33 DEB,2026-08-01T07:02:07Z,2026-08-01T07:11:48Z,11.710,2026-08-01T19:55:08.765720Z,70.429428667,2721.239,78.382,2.944511,717.480,748.793,31.313,40.530,65.468,-14.664,22.741,-0.786233,0.273736,160.804,0.0714574044,0,0,0,36508,33775
20260801_184443,preset:leo_mixed,leo_mixed,iac26-leo-mixed-75-v2,64c3d2329281da0e246226cb552aafe3b961c553c9487d7cfd9c96374aaa1f4c,2026-08-01T18:44:43Z,staging/collection/tle/tles_20260801_184443.txt,75,2026-08-01T18:44:43Z,CYGFM04,SWARM B,2026-08-01T07:30:32Z,2026-08-01T07:15:04Z,11.494,2026-08-01T22:17:17.851638Z,212.580860633,7306.047,197.427,8.169772,372.838,471.532,98.694,109.417,-137.150,90.528,64.510,1.569783,2.150025,53.866,0.0705444272,0,0,0,41885,39451
20260801_184443,preset:leo_mixed,leo_mixed,iac26-leo-mixed-75-v2,64c3d2329281da0e246226cb552aafe3b961c553c9487d7cfd9c96374aaa1f4c,2026-08-01T18:44:43Z,staging/collection/tle/tles_20260801_184443.txt,75,2026-08-01T18:44:43Z,LEGION 3,COSMOS 2251 DEB,2026-08-01T06:35:41Z,2026-08-01T06:44:07Z,12.150,2026-08-02T05:23:38.311619Z,638.921860317,9590.781,199.584,12.607358,526.535,603.125,76.591,189.864,-33.196,-51.801,113.377,-7.607804,6.020781,141.642,0.0702814177,0,0,0,60452,33825
20260801_184443,preset:leo_mixed,leo_mixed,iac26-leo-mixed-75-v2,64c3d2329281da0e246226cb552aafe3b961c553c9487d7cfd9c96374aaa1f4c,2026-08-01T18:44:43Z,staging/collection/tle/tles_20260801_184443.txt,75,2026-08-01T18:44:43Z,IRIDIUM 33 DEB,IRIDIUM 33 DEB,2026-08-01T07:08:12Z,2026-08-01T04:18:37Z,14.435,2026-08-02T00:35:44.602383Z,351.026706383,4516.465,140.553,6.398395,683.802,595.599,88.203,-116.707,71.656,31.622,50.398,-3.947569,5.002540,128.277,0.0688520143,0,0,0,33953,34079
20260801_184443,preset:leo_mixed,leo_mixed,iac26-leo-mixed-75-v2,64c3d2329281da0e246226cb552aafe3b961c553c9487d7cfd9c96374aaa1f4c,2026-08-01T18:44:43Z,staging/collection/tle/tles_20260801_184443.txt,75,2026-08-01T18:44:43Z,COSMOS 2251 DEB,COSMOS 2251 DEB,2026-08-01T07:27:24Z,2026-08-01T08:14:34Z,11.288,2026-08-02T03:42:38.600962Z,537.926682700,11784.461,194.759,10.440240,792.574,774.824,17.751,9.498,-140.512,-134.526,88.114,-0.531027,6.699236,94.532,0.0671617010,0,0,0,33757,33914
20260801_184443,preset:leo_mixed,leo_mixed,iac26-leo-mixed-75-v2,64c3d2329281da0e246226cb552aafe3b961c553c9487d7cfd9c96374aaa1f4c,2026-08-01T18:44:43Z,staging/collection/tle/tles_20260801_184443.txt,75,2026-08-01T18:44:43Z,COSMOS 2251 DEB,COSMOS 2251 DEB,2026-08-01T07:00:16Z,2026-08-01T00:20:21Z,18.406,2026-08-01T20:26:28.469031Z,101.757817183,933.428,125.068,4.309950,750.172,685.549,64.624,-68.760,-100.737,-27.680,33.417,-3.067759,3.024313,135.409,0.0640511440,0,0,0,33761,33920
20260801_184443,preset:leo_mixed,leo_mixed,iac26-leo-mixed-75-v2,64c3d2329281da0e246226cb552aafe3b961c553c9487d7cfd9c96374aaa1f4c,2026-08-01T18:44:43Z,staging/collection/tle/tles_20260801_184443.txt,75,2026-08-01T18:44:43Z,NOAA 20 (JPSS-1),COSMOS 2251 DEB,2026-08-01T06:04:59Z,2026-08-01T05:45:29Z,12.987,2026-08-02T00:56:25.995647Z,371.716594117,6799.946,123.639,5.247872,828.774,627.489,201.285,-121.533,21.872,-6.167,41.151,-0.943211,5.029605,100.621,0.0629769918,0,0,0,43013,33839
20260801_184443,preset:leo_mixed,leo_mixed,iac26-leo-mixed-75-v2,64c3d2329281da0e246226cb552aafe3b961c553c9487d7cfd9c96374aaa1f4c,2026-08-01T18:44:43Z,staging/collection/tle/tles_20260801_184443.txt,75,2026-08-01T18:44:43Z,TIMED,COSMOS 2251 DEB,2026-08-01T05:37:55Z,2026-08-01T02:15:24Z,16.488,2026-08-02T02:51:40.697211Z,486.961620183,5634.188,171.311,8.122487,576.754,706.686,129.932,130.826,-91.976,61.418,65.198,1.472254,9.873970,81.519,0.0627599119,0,0,0,26998,33838
20260801_184443,preset:leo_mixed,leo_mixed,iac26-leo-mixed-75-v2,64c3d2329281da0e246226cb552aafe3b961c553c9487d7cfd9c96374aaa1f4c,2026-08-01T18:44:43Z,staging/collection/tle/tles_20260801_184443.txt,75,2026-08-01T18:44:43Z,NOAA 15,IRIDIUM 33 DEB,2026-08-01T06:23:21Z,2026-08-01T07:16:47Z,12.356,2026-08-02T01:21:23.898403Z,396.681640050,4670.391,181.478,7.734670,795.243,644.402,150.842,-140.796,99.041,57.460,62.223,0.356027,9.208329,87.786,0.0617591936,0,0,0,25338,33862
20260801_184443,preset:leo_mixed,leo_mixed,iac26-leo-mixed-75-v2,64c3d2329281da0e246226cb552aafe3b961c553c9487d7cfd9c96374aaa1f4c,2026-08-01T18:44:43Z,staging/collection/tle/tles_20260801_184443.txt,75,2026-08-01T18:44:43Z,LANDSAT 8,IRIDIUM 33,2026-08-01T06:40:40Z,2026-08-01T07:59:50Z,12.067,2026-08-02T05:23:48.694462Z,639.094907700,4880.857,109.850,6.097273,695.603,767.609,72.006,74.015,-73.479,34.489,48.179,3.223386,5.821581,61.027,0.0617426133,0,0,0,39084,24946
20260801_184443,preset:leo_mixed,leo_mixed,iac26-leo-mixed-75-v2,64c3d2329281da0e246226cb552aafe3b961c553c9487d7cfd9c96374aaa1f4c,2026-08-01T18:44:43Z,staging/collection/tle/tles_20260801_184443.txt,75,2026-08-01T18:44:43Z,IRIDIUM 33 DEB,IRIDIUM 33 DEB,2026-08-01T03:44:47Z,2026-08-01T07:08:12Z,14.999,2026-08-01T23:47:04.536562Z,302.358942700,2924.831,137.991,5.358988,735.619,683.802,51.817,-52.747,-119.801,43.670,41.757,-1.541870,5.897866,104.651,0.0613625301,0,0,0,33866,33953
20260801_184443,preset:leo_mixed,leo_mixed,iac26-leo-mixed-75-v2,64c3d2329281da0e246226cb552aafe3b961c553c9487d7cfd9c96374aaa1f4c,2026-08-01T18:44:43Z,staging/collection/tle/tles_20260801_184443.txt,75,2026-08-01T18:44:43Z,COSMOS 2251 DEB,COSMOS 2251 DEB,2026-08-01T02:34:45Z,2026-08-01T03:52:36Z,16.166,2026-08-01T23:35:38.597077Z,290.926617950,2544.227,98.105,3.733094,627.867,696.691,68.824,80.988,52.904,16.333,28.710,1.335346,4.161226,72.208,0.0607284238,0,0,0,33779,33913
20260801_184443,preset:leo_mixed,leo_mixed,iac26-leo-mixed-75-v2,64c3d2329281da0e246226cb552aafe3b961c553c9487d7cfd9c96374aaa1f4c,2026-08-01T18:44:43Z,staging/collection/tle/tles_20260801_184443.txt,75,2026-08-01T18:44:43Z,COSMOS 2251 DEB,COSMOS 2251 DEB,2026-08-01T05:17:00Z,2026-08-01T03:31:07Z,15.226,2026-08-01T22:21:16.455149Z,216.557585817,1701.985,49.930,1.754677,687.136,717.112,29.976,23.014,43.909,5.951,13.465,-0.590803,0.786011,126.930,0.0597152098,0,0,0,33832,33912
20260801_184443,preset:leo_mixed,leo_mixed,iac26-leo-mixed-75-v2,64c3d2329281da0e246226cb552aafe3b961c553c9487d7cfd9c96374aaa1f4c,2026-08-01T18:44:43Z,staging/collection/tle/tles_20260801_184443.txt,75,2026-08-01T18:44:43Z,AQUA,COSMOS 2251 DEB,2026-08-01T07:12:56Z,2026-08-01T06:46:09Z,11.976,2026-08-01T23:19:19.255952Z,274.604265867,6943.846,164.941,6.015104,681.680,763.162,81.482,121.792,99.713,-49.290,47.308,-0.423918,4.252657,95.693,0.0590275754,0,0,0,27424,33822
20260801_184443,preset:leo_mixed,leo_mixed,iac26-leo-mixed-75-v2,64c3d2329281da0e246226cb552aafe3b961c553c9487d7cfd9c96374aaa1f4c,2026-08-01T18:44:43Z,staging/collection/tle/tles_20260801_184443.txt,75,2026-08-01T18:44:43Z,AQUA,COSMOS 2251 DEB,2026-08-01T07:12:56Z,2026-08-01T06:27:49Z,12.281,2026-08-01T21:14:03.679519Z,149.344658650,1094.689,123.754,4.029460,681.680,743.374,61.694,83.740,86.849,-27.566,31.246,-0.261493,4.214917,93.550,0.0583668029,0,0,0,27424,33764
20260801_184443,preset:leo_mixed,leo_mixed,iac26-leo-mixed-75-v2,64c3d2329281da0e246226cb552aafe3b961c553c9487d7cfd9c96374aaa1f4c,2026-08-01T18:44:43Z,staging/collection/tle/tles_20260801_184443.txt,75,2026-08-01T18:44:43Z,ISS (ZARYA),LEGION 3,2026-08-01T02:05:42Z,2026-08-01T06:35:41Z,16.650,2026-08-01T23:30:53.653247Z,286.177554117,3218.121,186.190,6.701527,423.361,526.535,103.174,104.254,136.954,-71.003,52.130,-3.689531,6.010060,121.545,0.0576797612,0,0,0,25544,60452
20260801_184443,preset:leo_mixed,leo_mixed,iac26-leo-mixed-75-v2,64c3d2329281da0e246226cb552aafe3b961c553c9487d7cfd9c96374aaa1f4c,2026-08-01T18:44:43Z,staging/collection/tle/tles_20260801_184443.txt,75,2026-08-01T18:44:43Z,SENTINEL-5P,COSMOS 2251 DEB,2026-08-01T07:30:26Z,2026-08-01T03:31:07Z,15.226,2026-08-02T00:42:21.105202Z,357.635086700,3999.840,166.788,6.349411,834.553,717.112,117.441,-114.029,111.503,-48.811,50.282,-3.512875,5.692940,121.677,0.0572282300,0,0,0,42969,33912
20260801_184443,preset:leo_mixed,leo_mixed,iac26-leo-mixed-75-v2,64c3d2329281da0e246226cb552aafe3b961c553c9487d7cfd9c96374aaa1f4c,2026-08-01T18:44:43Z,staging/collection/tle/tles_20260801_184443.txt,75,2026-08-01T18:44:43Z,LANDSAT 8,SENTINEL-1A,2026-08-01T06:40:40Z,2026-08-01T06:45:52Z,12.067,2026-08-02T06:11:16.858553Z,686.564309217,2393.626,146.737,7.738366,695.603,687.351,8.251,-8.647,-125.629,75.327,62.033,7.139385,1.762532,13.868,0.0551854346,0,0,0,39084,39634
20260801_184443,preset:leo_mixed,leo_mixed,iac26-leo-mixed-75-v2,64c3d2329281da0e246226cb552aafe3b961c553c9487d7cfd9c96374aaa1f4c,2026-08-01T18:44:43Z,staging/collection/tle/tles_20260801_184443.txt,75,2026-08-01T18:44:43Z,AURA,COSMOS 2251 DEB,2026-08-01T07:30:58Z,2026-08-01T05:10:04Z,13.577,2026-08-02T01:51:09.510598Z,426.441843300,4789.526,144.351,5.642674,696.746,635.040,61.706,-35.857,-129.906,51.731,44.080,2.829629,2.917083,45.872,0.0550276594,0,0,0,28376,33830
20260801_184443,preset:leo_mixed,leo_mixed,iac26-leo-mixed-75-v2,64c3d2329281da0e246226cb552aafe3b961c553c9487d7cfd9c96374aaa1f4c,2026-08-01T18:44:43Z,staging/collection/tle/tles_20260801_184443.txt,75,2026-08-01T18:44:43Z,COSMOS 2251 DEB,COSMOS 2251 DEB,2026-08-01T06:29:39Z,2026-08-01T05:17:00Z,13.462,2026-08-02T03:18:05.165683Z,513.369428050,5113.732,69.762,2.968496,773.909,687.136,86.772,-34.036,59.665,12.178,22.850,-0.860004,5.024126,99.713,0.0547638401,0,0,0,33819,33832
20260801_184443,preset:leo_mixed,leo_mixed,iac26-leo-mixed-75-v2,64c3d2329281da0e246226cb552aafe3b961c553c9487d7cfd9c96374aaa1f4c,2026-08-01T18:44:43Z,staging/collection/tle/tles_20260801_184443.txt,75,2026-08-01T18:44:43Z,COSMOS 2251 DEB,COSMOS 2251 DEB,2026-08-01T04:12:23Z,2026-08-01T05:10:04Z,14.539,2026-08-02T05:17:52.137291Z,633.152288183,8028.549,194.371,9.386658,771.347,635.040,136.307,-155.490,-92.095,71.564,77.515,4.737043,9.083017,62.457,0.0541177420,0,0,0,33760,33830
20260801_184443,preset:leo_mixed,leo_mixed,iac26-leo-mixed-75-v2,64c3d2329281da0e246226cb552aafe3b961c553c9487d7cfd9c96374aaa1f4c,2026-08-01T18:44:43Z,staging/collection/tle/tles_20260801_184443.txt,75,2026-08-01T18:44:43Z,SENTINEL-2A,COSMOS 2251 DEB,2026-08-01T05:59:32Z,2026-08-01T06:44:07Z,12.753,2026-08-01T22:42:18.193495Z,237.586558250,3667.875,105.608,3.288507,795.770,603.125,192.644,-99.268,35.212,-7.683,25.428,1.114947,4.021108,74.503,0.0520025293,0,0,0,40697,33825
20260801_184443,preset:leo_mixed,leo_mixed,iac26-leo-mixed-75-v2,64c3d2329281da0e246226cb552aafe3b961c553c9487d7cfd9c96374aaa1f4c,2026-08-01T18:44:43Z,staging/collection/tle/tles_20260801_184443.txt,75,2026-08-01T18:44:43Z,IRIDIUM 33 DEB,COSMOS 2251 DEB,2026-08-01T04:18:37Z,2026-08-01T00:20:21Z,18.406,2026-08-01T23:42:08.410147Z,297.423502450,2771.243,188.131,6.050043,595.599,685.549,89.950,89.118,-150.379,69.551,47.321,-3.494826,5.176601,124.024,0.0510330154,0,0,0,34079,33920
20260801_184443,preset:leo_mixed,leo_mixed,iac26-leo-mixed-75-v2,64c3d2329281da0e246226cb552aafe3b961c553c9487d7cfd9c96374aaa1f4c,2026-08-01T18:44:43Z,staging/collection/tle/tles_20260801_184443.txt,75,2026-08-01T18:44:43Z,COSMOS 2251 DEB,COSMOS 2251 DEB,2026-08-01T02:34:45Z,2026-08-01T06:46:09Z,16.166,2026-08-02T04:29:58.218053Z,585.253634217,10351.811,188.904,7.769067,627.867,763.162,135.295,141.800,104.458,68.309,62.151,2.699813,10.355922,75.388,0.0488238705,0,0,0,33779,33822
20260801_184443,preset:leo_mixed,leo_mixed,iac26-leo-mixed-75-v2,64c3d2329281da0e246226cb552aafe3b961c553c9487d7cfd9c96374aaa1f4c,2026-08-01T18:44:43Z,staging/collection/tle/tles_20260801_184443.txt,75,2026-08-01T18:44:43Z,TIMED,COSMOS 2251 DEB,2026-08-01T05:37:55Z,2026-08-01T07:00:16Z,13.113,2026-08-01T23:43:09.010154Z,298.433502567,4630.037,175.665,4.735771,576.754,750.172,173.419,175.479,7.285,3.532,36.703,-1.433961,6.445659,102.542,0.0427438041,0,0,0,26998,33761
20260801_184443,preset:leo_mixed,leo_mixed,iac26-leo-mixed-75-v2,64c3d2329281da0e246226cb552aafe3b961c553c9487d7cfd9c96374aaa1f4c,2026-08-01T18:44:43Z,staging/collection/tle/tles_20260801_184443.txt,75,2026-08-01T18:44:43Z,CRYOSAT 2,COSMOS 2251 DEB,2026-08-01T07:02:07Z,2026-08-01T06:59:08Z,11.760,2026-08-02T01:45:58.981338Z,421.266355633,5458.234,198.286,5.492546,717.480,707.334,10.146,74.112,-169.085,-72.354,43.079,-0.914993,1.788511,117.094,0.0391930896,0,0,0,36508,33915
20260801_184443,preset:leo_mixed,leo_mixed,iac26-leo-mixed-75-v2,64c3d2329281da0e246226cb552aafe3b961c553c9487d7cfd9c96374aaa1f4c,2026-08-01T18:44:43Z,staging/collection/tle/tles_20260801_184443.txt,75,2026-08-01T18:44:43Z,IRIDIUM 33 DEB,COSMOS 2251 DEB,2026-08-01T04:18:37Z,2026-08-01T06:27:49Z,14.435,2026-08-02T06:08:58.777155Z,684.262952583,8713.323,199.450,7.444113,595.599,743.374,147.776,145.607,116.626,-70.550,59.284,1.327504,11.467487,83.397,0.0391756658,0,0,0,34079,33764
20260801_184443,preset:leo_mixed,leo_mixed,iac26-leo-mixed-75-v2,64c3d2329281da0e246226cb552aafe3b961c553c9487d7cfd9c96374aaa1f4c,2026-08-01T18:44:43Z,staging/collection/tle/tles_20260801_184443.txt,75,2026-08-01T18:44:43Z,SWARM B,COSMOS 2251 DEB,2026-08-01T07:15:04Z,2026-08-01T06:44:07Z,12.010,2026-08-02T03:10:16.286742Z,505.554779033,8620.123,156.569,4.706783,471.532,603.125,131.593,130.558,81.432,28.934,36.150,0.112420,8.303293,89.224,0.0390157878,0,0,0,39451,33825
20260801_184443,preset:leo_mixed,leo_mixed,iac26-leo-mixed-75-v2,64c3d2329281da0e246226cb552aafe3b961c553c9487d7cfd9c96374aaa1f4c,2026-08-01T18:44:43Z,staging/collection/tle/tles_20260801_184443.txt,75,2026-08-01T18:44:43Z,SENTINEL-5P,COSMOS 2251 DEB,2026-08-01T07:30:26Z,2026-08-01T06:29:39Z,12.251,2026-08-01T19:24:53.531179Z,40.175519650,1948.114,172.298,3.273443,834.553,773.909,60.644,-71.115,-154.512,27.482,25.269,2.472906,0.999427,22.006,0.0369373503,0,0,0,42969,33819
20260801_184443,preset:leo_mixed,leo_mixed,iac26-leo-mixed-75-v2,64c3d2329281da0e246226cb552aafe3b961c553c9487d7cfd9c96374aaa1f4c,2026-08-01T18:44:43Z,staging/collection/tle/tles_20260801_184443.txt,75,2026-08-01T18:44:43Z,IRIDIUM 33 DEB,IRIDIUM 33 DEB,2026-08-01T07:08:12Z,2026-08-01T04:36:25Z,14.138,2026-08-02T03:04:17.609915Z,499.576831917,7506.246,151.890,3.936031,683.802,547.025,136.776,-151.255,-13.517,3.148,30.199,-1.114456,7.846269,98.084,0.0338469232,0,0,0,33953,34088
20260801_184443,preset:leo_mixed,leo_mixed,iac26-leo-mixed-75-v2,64c3d2329281da0e246226cb552aafe3b961c553c9487d7cfd9c96374aaa1f4c,2026-08-01T18:44:43Z,staging/collection/tle/tles_20260801_184443.txt,75,2026-08-01T18:44:43Z,COSMOS 2251 DEB,COSMOS 2251 DEB,2026-08-01T06:29:39Z,2026-08-01T03:31:07Z,15.226,2026-08-02T05:48:10.157568Z,663.452626133,5182.381,153.629,4.645285,773.909,717.112,56.797,-121.807,-89.870,26.234,36.282,-1.987797,4.493027,113.865,0.0326118304,0,0,0,33819,33912
20260801_184443,preset:leo_mixed,leo_mixed,iac26-leo-mixed-75-v2,64c3d2329281da0e246226cb552aafe3b961c553c9487d7cfd9c96374aaa1f4c,2026-08-01T18:44:43Z,staging/collection/tle/tles_20260801_184443.txt,75,2026-08-01T18:44:43Z,IRIDIUM 33,IRIDIUM 33 DEB,2026-08-01T07:59:50Z,2026-08-01T06:59:33Z,11.753,2026-08-02T00:18:22.240100Z,333.654001667,3854.085,134.890,2.833954,767.609,665.384,102.225,-114.480,70.810,8.689,21.824,0.855246,3.813525,77.360,0.0322827935,0,0,0,24946,34077
20260801_184443,preset:leo_mixed,leo_mixed,iac26-leo-mixed-75-v2,64c3d2329281da0e246226cb552aafe3b961c553c9487d7cfd9c96374aaa1f4c,2026-08-01T18:44:43Z,staging/collection/tle/tles_20260801_184443.txt,75,2026-08-01T18:44:43Z,COSMOS 2251 DEB,COSMOS 2251 DEB,2026-07-31T21:17:24Z,2026-07-31T17:54:24Z,24.838,2026-08-01T19:42:27.107347Z,57.735122450,1653.305,181.522,2.663846,521.461,631.099,109.638,181.515,1.248,0.828,20.170,-1.943059,1.197560,148.353,0.0281734169,0,0,0,33765,33911
20260801_184443,preset:leo_mixed,leo_mixed,iac26-leo-mixed-75-v2,64c3d2329281da0e246226cb552aafe3b961c553c9487d7cfd9c96374aaa1f4c,2026-08-01T18:44:43Z,staging/collection/tle/tles_20260801_184443.txt,75,2026-08-01T18:44:43Z,COSMOS 2251 DEB,COSMOS 2251 DEB,2026-08-01T07:18:58Z,2026-08-01T08:14:34Z,11.429,2026-08-02T00:16:48.630671Z,332.093844517,7513.833,140.931,1.770626,751.353,774.824,23.471,126.626,61.849,-1.454,13.507,0.057403,7.769431,89.577,0.0193326050,0,0,0,33837,33914
20260801_184443,preset:leo_mixed,leo_mixed,iac26-leo-mixed-75-v2,64c3d2329281da0e246226cb552aafe3b961c553c9487d7cfd9c96374aaa1f4c,2026-08-01T18:44:43Z,staging/collection/tle/tles_20260801_184443.txt,75,2026-08-01T18:44:43Z,IRIDIUM 33 DEB,COSMOS 2251 DEB,2026-08-01T06:19:02Z,2026-08-01T06:44:07Z,12.428,2026-08-02T02:45:58.712282Z,481.261871367,4560.250,131.089,1.711846,759.186,603.125,156.060,-129.658,18.918,-3.906,13.026,0.046777,4.798061,89.441,0.0173886884,0,0,0,33850,33825
20260801_184443,preset:leo_mixed,leo_mixed,iac26-leo-mixed-75-v2,64c3d2329281da0e246226cb552aafe3b961c553c9487d7cfd9c96374aaa1f4c,2026-08-01T18:44:43Z,staging/collection/tle/tles_20260801_184443.txt,75,2026-08-01T18:44:43Z,COSMOS 2251 DEB,COSMOS 2251 DEB,2026-08-01T05:21:48Z,2026-08-01T08:14:34Z,13.382,2026-08-02T05:33:23.321082Z,648.672018033,13487.430,192.737,2.981143,714.714,774.824,60.109,180.795,66.101,-9.554,22.888,0.226431,14.328465,89.095,0.0169997210,0,0,0,33835,33914
20260801_184443,preset:leo_mixed,leo_mixed,iac26-leo-mixed-75-v2,64c3d2329281da0e246226cb552aafe3b961c553c9487d7cfd9c96374aaa1f4c,2026-08-01T18:44:43Z,staging/collection/tle/tles_20260801_184443.txt,75,2026-08-01T18:44:43Z,SWOT,IRIDIUM 33 DEB,2026-08-01T06:57:56Z,2026-08-01T07:28:12Z,11.780,2026-08-01T23:52:01.369898Z,307.306164967,4205.042,178.550,1.844956,899.752,763.184,136.568,-138.939,-112.130,-1.687,14.233,-0.338483,4.675705,94.141,0.0162557554,0,0,0,54754,33773
20260801_184443,preset:leo_mixed,leo_mixed,iac26-leo-mixed-75-v2,64c3d2329281da0e246226cb552aafe3b961c553c9487d7cfd9c96374aaa1f4c,2026-08-01T18:44:43Z,staging/collection/tle/tles_20260801_184443.txt,75,2026-08-01T18:44:43Z,COSMOS 2251 DEB,COSMOS 2251 DEB,2026-08-01T02:34:45Z,2026-08-01T02:15:24Z,16.488,2026-08-02T03:37:51.209699Z,533.136828317,4196.415,103.827,0.466312,627.867,706.686,78.819,87.480,-51.652,-21.429,3.508,-0.087057,4.497425,91.109,0.0056568778,0,0,0,33779,33838
20260801_184443,preset:leo_mixed,leo_mixed,iac26-leo-mixed-75-v2,64c3d2329281da0e246226cb552aafe3b961c553c9487d7cfd9c96374aaa1f4c,2026-08-01T18:44:43Z,staging/collection/tle/tles_20260801_184443.txt,75,2026-08-01T18:44:43Z,COSMOS 2251 DEB,COSMOS 2251 DEB,2026-08-01T03:25:57Z,2026-08-01T02:22:20Z,16.373,2026-08-02T01:51:58.198376Z,427.253306267,3817.775,63.967,0.166447,896.984,768.308,128.675,-23.215,-22.670,-55.126,0.765,0.241839,3.900405,86.452,0.0036600659,0,0,0,33823,33917
